canonical_name,canonical_address,overlay_space,overlay_offset_hex,overlay_name,match_kind
caseD_21,1000:0000,ram,0,FUN_0000_0000,exact
FUN_1000_002c,1000:002c,ram,2c,FUN_0000_002c,exact
FUN_1000_0062,1000:0062,ram,62,FUN_0000_0062,exact
FUN_1009_0004,1009:0004,ram,94,FUN_0000_0094,exact
FUN_1009_0036,1009:0036,ram,c6,FUN_0000_00c6,exact
FUN_1009_00b4,1009:00b4,ram,144,FUN_0000_0144,exact
FUN_1009_017e,1009:017e,ram,20e,FUN_0000_020e,exact
FUN_1009_01a2,1009:01a2,ram,232,FUN_0000_0232,exact
FUN_1009_01b8,1009:01b8,ram,248,,gap
FUN_1009_01d8,1009:01d8,ram,268,FUN_0000_0268,exact
FUN_1009_01fc,1009:01fc,ram,28c,FUN_0000_028c,exact
FUN_1009_0222,1009:0222,ram,2b2,FUN_0000_02b2,exact
FUN_1009_0244,1009:0244,ram,2d4,FUN_0000_02d4,exact
FUN_1009_0270,1009:0270,ram,300,FUN_0000_0300,exact
FUN_1009_02ae,1009:02ae,ram,33e,FUN_0000_033e,exact
FUN_1009_02cc,1009:02cc,ram,35c,FUN_0000_035c,exact
FUN_1009_0402,1009:0402,ram,492,FUN_0000_0492,exact
FUN_1009_0420,1009:0420,ram,4b0,FUN_0000_04b0,exact
FUN_104b_0010,104b:0010,ram,4c0,FUN_0000_04c0,exact
FUN_104b_0032,104b:0032,ram,4e2,,gap
FUN_104b_0042,104b:0042,ram,4f2,FUN_0000_04f2,exact
FUN_104b_0052,104b:0052,ram,502,FUN_0000_0502,exact
FUN_104b_0062,104b:0062,ram,512,FUN_0000_0512,exact
FUN_104b_0072,104b:0072,ram,522,FUN_0000_0522,exact
FUN_104b_0082,104b:0082,ram,532,FUN_0000_0532,exact
FUN_104b_0092,104b:0092,ram,542,FUN_0000_0542,exact
FUN_104b_00a2,104b:00a2,ram,552,FUN_0000_0552,exact
FUN_104b_00b2,104b:00b2,ram,562,FUN_0000_0562,exact
FUN_104b_00c2,104b:00c2,ram,572,FUN_0000_0572,exact
FUN_104b_00d2,104b:00d2,ram,582,FUN_0000_0582,exact
FUN_104b_00e2,104b:00e2,ram,592,FUN_0000_0592,exact
FUN_104b_00fc,104b:00fc,ram,5ac,FUN_0000_05ac,exact
FUN_104b_012e,104b:012e,ram,5de,FUN_0000_05de,exact
FUN_104b_0156,104b:0156,ram,606,,gap
FUN_104b_01be,104b:01be,ram,66e,FUN_0000_066e,exact
FUN_104b_01e8,104b:01e8,ram,698,FUN_0000_0698,exact
FUN_104b_0216,104b:0216,ram,6c6,FUN_0000_06c6,exact
FUN_104b_0232,104b:0232,ram,6e2,FUN_0000_06e2,exact
FUN_104b_024e,104b:024e,ram,6fe,,gap
FUN_104b_0288,104b:0288,ram,738,FUN_0000_0738,exact
FUN_104b_02c2,104b:02c2,ram,772,FUN_0000_0772,exact
FUN_104b_0318,104b:0318,ram,7c8,FUN_0000_07c8,exact
FUN_104b_035c,104b:035c,ram,80c,FUN_0000_080c,exact
FUN_104b_039a,104b:039a,ram,84a,FUN_0000_084a,exact
FUN_104b_03d2,104b:03d2,ram,882,FUN_0000_0882,exact
FUN_104b_0430,104b:0430,ram,8e0,FUN_0000_08e0,exact
FUN_104b_0478,104b:0478,ram,928,,gap
FUN_1097_0004,1097:0004,ram,974,FUN_0000_0974,exact
FUN_1097_00de,1097:00de,ram,a4e,FUN_0000_0a4e,exact
FUN_1097_0174,1097:0174,ram,ae4,,gap
FUN_1097_02da,1097:02da,ram,c4a,FUN_0000_0c4a,exact
FUN_1097_0394,1097:0394,ram,d04,FUN_0000_0d04,exact
FUN_1097_067a,1097:067a,ram,fea,,gap
FUN_1097_0682,1097:0682,ram,ff2,,gap
FUN_1101_000e,1101:000e,ram,101e,,gap
FUN_1101_0026,1101:0026,ram,1036,FUN_0000_1036,exact
FUN_1101_0050,1101:0050,ram,1060,,gap
FUN_1101_00b4,1101:00b4,ram,10c4,,gap
FUN_1101_0126,1101:0126,ram,1136,FUN_0000_1136,exact
FUN_1101_01dc,1101:01dc,ram,11ec,FUN_0000_11ec,exact
FUN_112b_0002,112b:0002,ram,12b2,FUN_0000_12b2,exact
FUN_112b_0060,112b:0060,ram,1310,FUN_0000_1310,exact
FUN_112b_010e,112b:010e,ram,13be,FUN_0000_13be,exact
FUN_112b_015c,112b:015c,ram,140c,FUN_0000_140c,exact
FUN_112b_01ba,112b:01ba,ram,146a,FUN_0000_146a,exact
FUN_112b_0790,112b:0790,ram,1a40,,gap
FUN_112b_0c64,112b:0c64,ram,1f14,,gap
FUN_112b_0eb6,112b:0eb6,ram,2166,FUN_0000_2166,exact
FUN_124c_000c,124c:000c,ram,24cc,FUN_0000_24cc,exact
FUN_124c_002a,124c:002a,ram,24ea,FUN_0000_24ea,exact
FUN_124c_0040,124c:0040,ram,2500,FUN_0000_2500,exact
FUN_124c_007c,124c:007c,ram,253c,,gap
FUN_124c_00c4,124c:00c4,ram,2584,FUN_0000_2584,exact
FUN_124c_00f4,124c:00f4,ram,25b4,FUN_0000_25b4,exact
FUN_124c_013c,124c:013c,ram,25fc,FUN_0000_25fc,exact
FUN_1262_0002,1262:0002,ram,2622,FUN_0000_2622,exact
FUN_1262_0012,1262:0012,ram,2632,FUN_0000_2632,exact
FUN_1262_003c,1262:003c,ram,265c,,gap
FUN_1262_0060,1262:0060,ram,2680,FUN_0000_2680,exact
FUN_1262_00da,1262:00da,ram,26fa,FUN_0000_26fa,exact
FUN_1262_00f6,1262:00f6,ram,2716,FUN_0000_2716,exact
FUN_1262_0128,1262:0128,ram,2748,FUN_0000_2748,exact
FUN_1262_0142,1262:0142,ram,2762,,gap
FUN_1262_0152,1262:0152,ram,2772,FUN_0000_2772,exact
FUN_1262_02fe,1262:02fe,ram,291e,,gap
FUN_129f_0008,129f:0008,ram,29f8,FUN_0000_29f8,exact
FUN_129f_00f6,129f:00f6,ram,2ae6,switchdataD_0000:2ae6,exact
FUN_129f_02cc,129f:02cc,ram,2cbc,FUN_0000_2cbc,exact
FUN_129f_0300,129f:0300,ram,2cf0,FUN_0000_2cf0,exact
FUN_129f_030c,129f:030c,ram,2cfc,,gap
FUN_129f_0318,129f:0318,ram,2d08,FUN_0000_2d08,exact
FUN_129f_034c,129f:034c,ram,2d3c,FUN_0000_2d3c,exact
FUN_12d6_0000,12d6:0000,ram,2d60,FUN_0000_2d60,exact
FUN_12d8_000e,12d8:000e,ram,2d8e,FUN_0000_2d8e,exact
FUN_12dd_0002,12dd:0002,ram,2dd2,FUN_0000_2dd2,exact
FUN_12dd_0064,12dd:0064,ram,2e34,,gap
FUN_12e9_0006,12e9:0006,ram,2e96,FUN_0000_2e96,exact
FUN_12e9_008c,12e9:008c,ram,2f1c,FUN_0000_2f1c,exact
FUN_12fd_000e,12fd:000e,ram,2fde,FUN_0000_2fde,exact
FUN_12fd_0048,12fd:0048,ram,3018,FUN_0000_3018,exact
FUN_12fd_006c,12fd:006c,ram,303c,FUN_0000_303c,exact
FUN_130d_000a,130d:000a,ram,30da,FUN_0000_30da,exact
FUN_130d_0172,130d:0172,ram,3242,FUN_0000_3242,exact
FUN_130d_019e,130d:019e,ram,326e,FUN_0000_326e,exact
FUN_130d_0222,130d:0222,ram,32f2,FUN_0000_32f2,exact
FUN_130d_0290,130d:0290,ram,3360,,gap
FUN_137f_000a,137f:000a,ram,37fa,FUN_0000_37fa,exact
FUN_137f_003c,137f:003c,ram,382c,FUN_0000_382c,exact
FUN_137f_00c0,137f:00c0,ram,38b0,FUN_0000_38b0,exact
FUN_137f_00f6,137f:00f6,ram,38e6,FUN_0000_38e6,exact
FUN_137f_010e,137f:010e,ram,38fe,FUN_0000_38fe,exact
FUN_137f_012a,137f:012a,ram,391a,FUN_0000_391a,exact
FUN_137f_0142,137f:0142,ram,3932,FUN_0000_3932,exact
FUN_137f_015e,137f:015e,ram,394e,FUN_0000_394e,exact
FUN_137f_0194,137f:0194,ram,3984,FUN_0000_3984,exact
FUN_137f_01ac,137f:01ac,ram,399c,FUN_0000_399c,exact
FUN_137f_01ca,137f:01ca,ram,39ba,FUN_0000_39ba,exact
FUN_137f_01dc,137f:01dc,ram,39cc,,gap
FUN_137f_0200,137f:0200,ram,39f0,FUN_0000_39f0,exact
FUN_137f_0228,137f:0228,ram,3a18,FUN_0000_3a18,exact
FUN_137f_02a0,137f:02a0,ram,3a90,FUN_0000_3a90,exact
FUN_137f_02e0,137f:02e0,ram,3ad0,FUN_0000_3ad0,exact
FUN_137f_02f8,137f:02f8,ram,3ae8,FUN_0000_3ae8,exact
FUN_137f_0314,137f:0314,ram,3b04,FUN_0000_3b04,exact
FUN_137f_0358,137f:0358,ram,3b48,FUN_0000_3b48,exact
FUN_137f_0392,137f:0392,ram,3b82,FUN_0000_3b82,exact
FUN_137f_03e4,137f:03e4,ram,3bd4,FUN_0000_3bd4,exact
FUN_137f_0428,137f:0428,ram,3c18,FUN_0000_3c18,exact
FUN_137f_044a,137f:044a,ram,3c3a,,gap
FUN_137f_04b0,137f:04b0,ram,3ca0,FUN_0000_3ca0,exact
FUN_137f_0598,137f:0598,ram,3d88,FUN_0000_3d88,exact
FUN_137f_0614,137f:0614,ram,3e04,FUN_0000_3e04,exact
FUN_13e4_000e,13e4:000e,ram,3e4e,FUN_0000_3e4e,exact
FUN_13e4_003a,13e4:003a,ram,3e7a,FUN_0000_3e7a,exact
FUN_13e4_0074,13e4:0074,ram,3eb4,FUN_0000_3eb4,exact
FUN_13e4_00a2,13e4:00a2,ram,3ee2,FUN_0000_3ee2,exact
FUN_13f1_000a,13f1:000a,ram,3f1a,FUN_0000_3f1a,exact
FUN_13f1_00a6,13f1:00a6,ram,3fb6,FUN_0000_3fb6,exact
FUN_13f1_0158,13f1:0158,ram,4068,FUN_0000_4068,exact
FUN_13f1_02b4,13f1:02b4,ram,41c4,FUN_0000_41c4,exact
FUN_13f1_02f8,13f1:02f8,ram,4208,FUN_0000_4208,exact
FUN_1427_0002,1427:0002,ram,4272,FUN_0000_4272,exact
FUN_1427_0026,1427:0026,ram,4296,FUN_0000_4296,exact
FUN_1427_004a,1427:004a,ram,42ba,FUN_0000_42ba,exact
FUN_1427_005c,1427:005c,ram,42cc,FUN_0000_42cc,exact
FUN_1427_012e,1427:012e,ram,439e,FUN_0000_439e,exact
FUN_1427_0164,1427:0164,ram,43d4,FUN_0000_43d4,exact
FUN_1427_0180,1427:0180,ram,43f0,FUN_0000_43f0,exact
FUN_1427_01dc,1427:01dc,ram,444c,FUN_0000_444c,exact
FUN_1427_0204,1427:0204,ram,4474,,gap
FUN_1427_023a,1427:023a,ram,44aa,FUN_0000_44aa,exact
FUN_1427_02ca,1427:02ca,ram,453a,FUN_0000_453a,exact
FUN_1427_0362,1427:0362,ram,45d2,FUN_0000_45d2,exact
FUN_1427_037e,1427:037e,ram,45ee,FUN_0000_45ee,exact
FUN_1427_03a0,1427:03a0,ram,4610,,gap
FUN_1427_040c,1427:040c,ram,467c,FUN_0000_467c,exact
FUN_1427_043e,1427:043e,ram,46ae,FUN_0000_46ae,exact
FUN_1427_04d6,1427:04d6,ram,4746,FUN_0000_4746,exact
FUN_1427_0644,1427:0644,ram,48b4,,gap
FUN_1427_065a,1427:065a,ram,48ca,FUN_0000_48ca,exact
FUN_1427_06b4,1427:06b4,ram,4924,FUN_0000_4924,exact
FUN_1427_0824,1427:0824,ram,4a94,FUN_0000_4a94,exact
FUN_1427_08ea,1427:08ea,ram,4b5a,FUN_0000_4b5a,exact
FUN_1427_0954,1427:0954,ram,4bc4,FUN_0000_4bc4,exact
FUN_1427_0968,1427:0968,ram,4bd8,FUN_0000_4bd8,exact
FUN_1427_0992,1427:0992,ram,4c02,FUN_0000_4c02,exact
FUN_1427_09ac,1427:09ac,ram,4c1c,FUN_0000_4c1c,exact
FUN_1427_09dc,1427:09dc,ram,4c4c,FUN_0000_4c4c,exact
FUN_1427_0ab0,1427:0ab0,ram,4d20,FUN_0000_4d20,exact
FUN_1427_0b08,1427:0b08,ram,4d78,FUN_0000_4d78,exact
FUN_1427_0bce,1427:0bce,ram,4e3e,FUN_0000_4e3e,exact
FUN_1427_0bfe,1427:0bfe,ram,4e6e,FUN_0000_4e6e,exact
FUN_1427_0c72,1427:0c72,ram,4ee2,FUN_0000_4ee2,exact
FUN_1427_0c9a,1427:0c9a,ram,4f0a,FUN_0000_4f0a,exact
FUN_1427_0ce6,1427:0ce6,ram,4f56,,gap
FUN_1427_0d1e,1427:0d1e,ram,4f8e,FUN_0000_4f8e,exact
FUN_1427_0d38,1427:0d38,ram,4fa8,FUN_0000_4fa8,exact
FUN_1427_0f0e,1427:0f0e,ram,517e,,gap
FUN_1427_0f30,1427:0f30,ram,51a0,,gap
FUN_1427_0f64,1427:0f64,ram,51d4,,gap
FUN_1427_0f74,1427:0f74,ram,51e4,FUN_0000_51e4,exact
FUN_1427_0f8e,1427:0f8e,ram,51fe,FUN_0000_51fe,exact
FUN_1427_0fa0,1427:0fa0,ram,5210,,gap
FUN_1427_0fc0,1427:0fc0,ram,5230,,gap
FUN_1427_0fec,1427:0fec,ram,525c,,gap
FUN_1427_101c,1427:101c,ram,528c,FUN_0000_528c,exact
FUN_1427_10be,1427:10be,ram,532e,FUN_0000_532e,exact
FUN_1427_1284,1427:1284,ram,54f4,FUN_0000_54f4,exact
FUN_1427_12c6,1427:12c6,ram,5536,FUN_0000_5536,exact
FUN_1427_12f6,1427:12f6,ram,5566,FUN_0000_5566,exact
FUN_1427_1330,1427:1330,ram,55a0,,gap
FUN_1427_13b0,1427:13b0,ram,5620,FUN_0000_5620,exact
FUN_1427_1410,1427:1410,ram,5680,FUN_0000_5680,exact
FUN_1427_14a0,1427:14a0,ram,5710,,gap
FUN_1427_14f4,1427:14f4,ram,5764,,gap
FUN_1427_155e,1427:155e,ram,57ce,FUN_0000_57ce,exact
FUN_157e_0008,157e:0008,ram,57e8,FUN_0000_57e8,exact
FUN_157e_004a,157e:004a,ram,582a,FUN_0000_582a,exact
FUN_157e_015e,157e:015e,ram,593e,FUN_0000_593e,exact
FUN_15b3_0004,15b3:0004,ram,5b34,FUN_0000_5b34,exact
FUN_15b3_0032,15b3:0032,ram,5b62,FUN_0000_5b62,exact
FUN_15b3_0066,15b3:0066,ram,5b96,,gap
FUN_15b3_00d0,15b3:00d0,ram,5c00,,gap
FUN_15b3_0144,15b3:0144,ram,5c74,FUN_0000_5c74,exact
FUN_15b3_0198,15b3:0198,ram,5cc8,,gap
FUN_15b3_01e0,15b3:01e0,ram,5d10,FUN_0000_5d10,exact
FUN_15b3_0228,15b3:0228,ram,5d58,,gap
FUN_15b3_024e,15b3:024e,ram,5d7e,FUN_0000_5d7e,exact
FUN_15b3_0274,15b3:0274,ram,5da4,,gap
FUN_15dc_0006,15dc:0006,ram,5dc6,FUN_0000_5dc6,exact
FUN_15dc_0032,15dc:0032,ram,5df2,FUN_0000_5df2,exact
FUN_15dc_006a,15dc:006a,ram,5e2a,FUN_0000_5e2a,exact
FUN_15dc_00a2,15dc:00a2,ram,5e62,FUN_0000_5e62,exact
FUN_15dc_00e0,15dc:00e0,ram,5ea0,FUN_0000_5ea0,exact
FUN_15eb_0002,15eb:0002,ram,5eb2,FUN_0000_5eb2,exact
FUN_15eb_002c,15eb:002c,ram,5edc,FUN_0000_5edc,exact
FUN_15eb_00a2,15eb:00a2,ram,5f52,FUN_0000_5f52,exact
FUN_15eb_0142,15eb:0142,ram,5ff2,FUN_0000_5ff2,exact
FUN_15eb_0218,15eb:0218,ram,60c8,FUN_0000_60c8,exact
FUN_15eb_022c,15eb:022c,ram,60dc,,gap
FUN_15eb_0242,15eb:0242,ram,60f2,,gap
FUN_15eb_0258,15eb:0258,ram,6108,,gap
FUN_15eb_0274,15eb:0274,ram,6124,FUN_0000_6124,exact
FUN_15eb_0302,15eb:0302,ram,61b2,FUN_0000_61b2,exact
FUN_15eb_0326,15eb:0326,ram,61d6,,gap
FUN_15eb_035e,15eb:035e,ram,620e,FUN_0000_620e,exact
FUN_15eb_038e,15eb:038e,ram,623e,FUN_0000_623e,exact
FUN_15eb_039e,15eb:039e,ram,624e,FUN_0000_624e,exact
FUN_15eb_03d6,15eb:03d6,ram,6286,,gap
FUN_15eb_0410,15eb:0410,ram,62c0,FUN_0000_62c0,exact
FUN_15eb_0434,15eb:0434,ram,62e4,FUN_0000_62e4,exact
FUN_15eb_0470,15eb:0470,ram,6320,FUN_0000_6320,exact
FUN_15eb_0484,15eb:0484,ram,6334,FUN_0000_6334,exact
FUN_15eb_04c0,15eb:04c0,ram,6370,,gap
FUN_15eb_0544,15eb:0544,ram,63f4,FUN_0000_63f4,exact
FUN_15eb_0556,15eb:0556,ram,6406,FUN_0000_6406,exact
FUN_15eb_0596,15eb:0596,ram,6446,FUN_0000_6446,exact
FUN_15eb_05b2,15eb:05b2,ram,6462,,gap
FUN_15eb_05cc,15eb:05cc,ram,647c,,gap
FUN_15eb_05e2,15eb:05e2,ram,6492,FUN_0000_6492,exact
FUN_15eb_0620,15eb:0620,ram,64d0,FUN_0000_64d0,exact
FUN_15eb_0668,15eb:0668,ram,6518,FUN_0000_6518,exact
FUN_15eb_06a6,15eb:06a6,ram,6556,FUN_0000_6556,exact
FUN_15eb_06d2,15eb:06d2,ram,6582,FUN_0000_6582,exact
FUN_15eb_08e6,15eb:08e6,ram,6796,FUN_0000_6796,exact
FUN_15eb_0902,15eb:0902,ram,67b2,FUN_0000_67b2,exact
FUN_15eb_0916,15eb:0916,ram,67c6,FUN_0000_67c6,exact
FUN_15eb_0924,15eb:0924,ram,67d4,FUN_0000_67d4,exact
caseD_0,15eb:096e,ram,681e,,gap
FUN_15eb_09c0,15eb:09c0,ram,6870,FUN_0000_6870,exact
FUN_15eb_0a50,15eb:0a50,ram,6900,FUN_0000_6900,exact
FUN_15eb_0a76,15eb:0a76,ram,6926,FUN_0000_6926,exact
FUN_15eb_0aec,15eb:0aec,ram,699c,FUN_0000_699c,exact
FUN_15eb_0b0c,15eb:0b0c,ram,69bc,,gap
FUN_15eb_0b52,15eb:0b52,ram,6a02,FUN_0000_6a02,exact
FUN_15eb_0b96,15eb:0b96,ram,6a46,FUN_0000_6a46,exact
FUN_15eb_0bd4,15eb:0bd4,ram,6a84,FUN_0000_6a84,exact
FUN_15eb_0c52,15eb:0c52,ram,6b02,FUN_0000_6b02,exact
FUN_15eb_0c7a,15eb:0c7a,ram,6b2a,FUN_0000_6b2a,exact
FUN_15eb_0cbc,15eb:0cbc,ram,6b6c,FUN_0000_6b6c,exact
FUN_15eb_0d04,15eb:0d04,ram,6bb4,FUN_0000_6bb4,exact
FUN_15eb_0d8e,15eb:0d8e,ram,6c3e,FUN_0000_6c3e,exact
FUN_15eb_0e18,15eb:0e18,ram,6cc8,FUN_0000_6cc8,exact
FUN_15eb_0e52,15eb:0e52,ram,6d02,FUN_0000_6d02,exact
FUN_15eb_0e8c,15eb:0e8c,ram,6d3c,FUN_0000_6d3c,exact
FUN_15eb_0ed4,15eb:0ed4,ram,6d84,FUN_0000_6d84,exact
FUN_15eb_0f1c,15eb:0f1c,ram,6dcc,FUN_0000_6dcc,exact
FUN_15eb_0fea,15eb:0fea,ram,6e9a,FUN_0000_6e9a,exact
FUN_15eb_1030,15eb:1030,ram,6ee0,FUN_0000_6ee0,exact
FUN_15eb_1068,15eb:1068,ram,6f18,FUN_0000_6f18,exact
FUN_15eb_1376,15eb:1376,ram,7226,FUN_0000_7226,exact
FUN_15eb_13ac,15eb:13ac,ram,725c,,gap
FUN_15eb_13e2,15eb:13e2,ram,7292,,gap
FUN_15eb_142a,15eb:142a,ram,72da,FUN_0000_72da,exact
FUN_15eb_1476,15eb:1476,ram,7326,,gap
FUN_15eb_14aa,15eb:14aa,ram,735a,FUN_0000_735a,exact
FUN_15eb_14d6,15eb:14d6,ram,7386,FUN_0000_7386,exact
FUN_15eb_14e4,15eb:14e4,ram,7394,FUN_0000_7394,exact
FUN_15eb_1526,15eb:1526,ram,73d6,FUN_0000_73d6,exact
FUN_15eb_1568,15eb:1568,ram,7418,FUN_0000_7418,exact
FUN_15eb_15c6,15eb:15c6,ram,7476,FUN_0000_7476,exact
FUN_15eb_1604,15eb:1604,ram,74b4,FUN_0000_74b4,exact
FUN_15eb_1646,15eb:1646,ram,74f6,FUN_0000_74f6,exact
FUN_15eb_169c,15eb:169c,ram,754c,,gap
FUN_15eb_16c4,15eb:16c4,ram,7574,FUN_0000_7574,exact
FUN_15eb_16fe,15eb:16fe,ram,75ae,FUN_0000_75ae,exact
FUN_15eb_173e,15eb:173e,ram,75ee,FUN_0000_75ee,exact
FUN_15eb_1782,15eb:1782,ram,7632,FUN_0000_7632,exact
FUN_15eb_17ba,15eb:17ba,ram,766a,FUN_0000_766a,exact
FUN_15eb_17fa,15eb:17fa,ram,76aa,FUN_0000_76aa,exact
FUN_15eb_18ec,15eb:18ec,ram,779c,FUN_0000_779c,exact
FUN_15eb_1d4c,15eb:1d4c,ram,7bfc,FUN_0000_7bfc,exact
FUN_15eb_1f72,15eb:1f72,ram,7e22,FUN_0000_7e22,exact
FUN_15eb_23f2,15eb:23f2,ram,82a2,FUN_0000_82a2,exact
FUN_15eb_268e,15eb:268e,ram,853e,FUN_0000_853e,exact
FUN_15eb_26e4,15eb:26e4,ram,8594,FUN_0000_8594,exact
FUN_15eb_287e,15eb:287e,ram,872e,FUN_0000_872e,exact
FUN_15eb_28c8,15eb:28c8,ram,8778,FUN_0000_8778,exact
FUN_15eb_2ea0,15eb:2ea0,ram,8d50,FUN_0000_8d50,exact
FUN_15eb_2f3c,15eb:2f3c,ram,8dec,FUN_0000_8dec,exact
FUN_15eb_2f8e,15eb:2f8e,ram,8e3e,FUN_0000_8e3e,exact
FUN_15eb_2ff2,15eb:2ff2,ram,8ea2,FUN_0000_8ea2,exact
FUN_15eb_3040,15eb:3040,ram,8ef0,FUN_0000_8ef0,exact
FUN_15eb_3054,15eb:3054,ram,8f04,FUN_0000_8f04,exact
FUN_15eb_306a,15eb:306a,ram,8f1a,FUN_0000_8f1a,exact
FUN_15eb_30b8,15eb:30b8,ram,8f68,FUN_0000_8f68,exact
FUN_15eb_317c,15eb:317c,ram,902c,FUN_0000_902c,exact
FUN_15eb_3208,15eb:3208,ram,90b8,,gap
FUN_15eb_32a0,15eb:32a0,ram,9150,FUN_0000_9150,exact
FUN_15eb_32f8,15eb:32f8,ram,91a8,FUN_0000_91a8,exact
FUN_15eb_334a,15eb:334a,ram,91fa,FUN_0000_91fa,exact
FUN_15eb_33aa,15eb:33aa,ram,925a,,gap
FUN_15eb_3454,15eb:3454,ram,9304,FUN_0000_9304,exact
FUN_15eb_35d0,15eb:35d0,ram,9480,FUN_0000_9480,exact
FUN_15eb_3620,15eb:3620,ram,94d0,FUN_0000_94d0,exact
FUN_15eb_3650,15eb:3650,ram,9500,FUN_0000_9500,exact
FUN_15eb_38ba,15eb:38ba,ram,976a,FUN_0000_976a,exact
FUN_15eb_38e8,15eb:38e8,ram,9798,,gap
FUN_15eb_3930,15eb:3930,ram,97e0,FUN_0000_97e0,exact
FUN_15eb_394c,15eb:394c,ram,97fc,FUN_0000_97fc,exact
FUN_15eb_3956,15eb:3956,ram,9806,,gap
FUN_15eb_3960,15eb:3960,ram,9810,FUN_0000_9810,exact
FUN_1984_0040,1984:0040,ram,9880,FUN_0000_9880,exact
FUN_1984_006a,1984:006a,ram,98aa,,gap
FUN_1984_00aa,1984:00aa,ram,98ea,FUN_0000_98ea,exact
FUN_1984_00e8,1984:00e8,ram,9928,FUN_0000_9928,exact
FUN_1984_010a,1984:010a,ram,994a,FUN_0000_994a,exact
FUN_1984_029e,1984:029e,ram,9ade,FUN_0000_9ade,exact
FUN_1984_02fc,1984:02fc,ram,9b3c,FUN_0000_9b3c,exact
FUN_1984_03b2,1984:03b2,ram,9bf2,FUN_0000_9bf2,exact
FUN_1984_03ca,1984:03ca,ram,9c0a,,gap
FUN_1984_043a,1984:043a,ram,9c7a,FUN_0000_9c7a,exact
FUN_1984_045a,1984:045a,ram,9c9a,FUN_0000_9c9a,exact
FUN_1984_046e,1984:046e,ram,9cae,,gap
FUN_1984_0490,1984:0490,ram,9cd0,FUN_0000_9cd0,exact
FUN_1984_04f6,1984:04f6,ram,9d36,FUN_0000_9d36,exact
FUN_1984_053a,1984:053a,ram,9d7a,,gap
FUN_1984_05b8,1984:05b8,ram,9df8,,gap
FUN_1984_0636,1984:0636,ram,9e76,,gap
FUN_1984_06b4,1984:06b4,ram,9ef4,,gap
FUN_19ef_0008,19ef:0008,ram,9ef8,FUN_0000_9ef8,exact
FUN_19ef_001a,19ef:001a,ram,9f0a,FUN_0000_9f0a,exact
FUN_19ef_002c,19ef:002c,ram,9f1c,FUN_0000_9f1c,exact
FUN_19ef_0032,19ef:0032,ram,9f22,FUN_0000_9f22,exact
FUN_19f6_0002,19f6:0002,ram,9f62,FUN_0000_9f62,exact
FUN_19f6_00b0,19f6:00b0,ram,a010,FUN_0000_a010,exact
FUN_19f6_00fa,19f6:00fa,ram,a05a,,gap
FUN_19f6_0138,19f6:0138,ram,a098,FUN_0000_a098,exact
FUN_1a0a_0004,1a0a:0004,ram,a0a4,,gap
FUN_1a0a_007a,1a0a:007a,ram,a11a,FUN_0000_a11a,exact
FUN_1a0a_01a6,1a0a:01a6,ram,a246,FUN_0000_a246,exact
FUN_1a29_015b,1a29:015b,ram,a3eb,FUN_0000_a3eb,exact
FUN_1a29_01d1,1a29:01d1,ram,a461,FUN_0000_a461,exact
FUN_1a29_0209,1a29:0209,ram,a499,FUN_0000_a499,exact
FUN_1a29_021b,1a29:021b,ram,a4ab,FUN_0000_a4ab,exact
FUN_1a4e_0008,1a4e:0008,ram,a4e8,FUN_0000_a4e8,exact
FUN_1a4e_001c,1a4e:001c,ram,a4fc,FUN_0000_a4fc,exact
FUN_1a58_000d,1a58:000d,ram,a58d,FUN_0000_a58d,exact
FUN_1a58_0054,1a58:0054,ram,a5d4,FUN_0000_a5d4,exact
FUN_1a58_008c,1a58:008c,ram,a60c,FUN_0000_a60c,exact
FUN_1a58_01d9,1a58:01d9,ram,a759,FUN_0000_a759,exact
FUN_1a58_026c,1a58:026c,ram,a7ec,FUN_0000_a7ec,exact
FUN_1a58_02ce,1a58:02ce,ram,a84e,FUN_0000_a84e,exact
FUN_1a58_02e0,1a58:02e0,ram,a860,FUN_0000_a860,exact
FUN_1a58_036b,1a58:036b,ram,a8eb,FUN_0000_a8eb,exact
FUN_1a58_038b,1a58:038b,ram,a90b,FUN_0000_a90b,exact
FUN_1a58_03ce,1a58:03ce,ram,a94e,FUN_0000_a94e,exact
FUN_1a58_03e2,1a58:03e2,ram,a962,FUN_0000_a962,exact
FUN_1a58_042d,1a58:042d,ram,a9ad,FUN_0000_a9ad,exact
FUN_1a58_0456,1a58:0456,ram,a9d6,FUN_0000_a9d6,exact
FUN_1a58_054f,1a58:054f,ram,aacf,FUN_0000_aacf,exact
FUN_1a58_0568,1a58:0568,ram,aae8,FUN_0000_aae8,exact
FUN_1a58_0599,1a58:0599,ram,ab19,FUN_0000_ab19,exact
FUN_1a58_05be,1a58:05be,ram,ab3e,FUN_0000_ab3e,exact
FUN_1a58_06fd,1a58:06fd,ram,ac7d,FUN_0000_ac7d,exact
FUN_1acb_0006,1acb:0006,ram,acb6,FUN_0000_acb6,exact
FUN_1acb_0030,1acb:0030,ram,ace0,FUN_0000_ace0,exact
FUN_1acb_0056,1acb:0056,ram,ad06,FUN_0000_ad06,exact
FUN_1acb_011a,1acb:011a,ram,adca,FUN_0000_adca,exact
FUN_1ade_0004,1ade:0004,ram,ade4,FUN_0000_ade4,exact
FUN_1ae3_0006,1ae3:0006,ram,ae36,,gap
FUN_1ae3_0042,1ae3:0042,ram,ae72,FUN_0000_ae72,exact
FUN_1ae7_0016,1ae7:0016,ram,ae86,FUN_0000_ae86,exact
thunk_FUN_1ae7_0032,1ae7:002c,ram,ae9c,thunk_FUN_0000_aea2,exact
FUN_1ae7_0032,1ae7:0032,ram,aea2,FUN_0000_aea2,exact
FUN_1aea_000c,1aea:000c,ram,aeac,FUN_0000_aea2,contained
FUN_1afb_000e,1afb:000e,ram,afbe,,gap
FUN_1afb_003c,1afb:003c,ram,afec,,gap
FUN_1b01_000e,1b01:000e,ram,b01e,FUN_0000_b01e,exact
FUN_1b22_0022,1b22:0022,ram,b242,FUN_0000_b242,exact
FUN_1b2c_0004,1b2c:0004,ram,b2c4,,gap
FUN_1b2c_0040,1b2c:0040,ram,b300,,gap
FUN_1b32_000e,1b32:000e,ram,b32e,FUN_0000_b32e,exact
FUN_1b32_005c,1b32:005c,ram,b37c,,gap
FUN_1b4e_0004,1b4e:0004,ram,b4e4,FUN_0000_b4e4,exact
FUN_1b57_0002,1b57:0002,ram,b572,,gap
FUN_1b5e_0000,1b5e:0000,ram,b5e0,,gap
FUN_1b70_0002,1b70:0002,ram,b702,FUN_0000_b702,exact
FUN_1b70_003a,1b70:003a,ram,b73a,FUN_0000_b73a,exact
FUN_1b78_0000,1b78:0000,ram,b780,,gap
FUN_1b8b_0004,1b8b:0004,ram,b8b4,,gap
FUN_1b8d_0004,1b8d:0004,ram,b8d4,FUN_0000_b8d4,exact
FUN_1b8f_0006,1b8f:0006,ram,b8f6,FUN_0000_b8f6,exact
FUN_1b9e_000a,1b9e:000a,ram,b9ea,FUN_0000_b9ea,exact
FUN_1baa_0006,1baa:0006,ram,baa6,FUN_0000_baa6,exact
FUN_1bb9_000a,1bb9:000a,ram,bb9a,FUN_0000_bb9a,exact
FUN_1bbb_0006,1bbb:0006,ram,bbb6,FUN_0000_bbb6,exact
FUN_1bbc_000c,1bbc:000c,ram,bbcc,FUN_0000_bbcc,exact
FUN_1bc3_0006,1bc3:0006,ram,bc36,FUN_0000_bc36,exact
FUN_1bca_0002,1bca:0002,ram,bca2,FUN_0000_bca2,exact
FUN_1bd4_0006,1bd4:0006,ram,bd46,,gap
FUN_1bdd_0002,1bdd:0002,ram,bdd2,,gap
FUN_1bdd_00e0,1bdd:00e0,ram,beb0,,gap
FUN_1bf5_0000,1bf5:0000,ram,bf50,FUN_0000_bf50,exact
FUN_1c05_0004,1c05:0004,ram,c054,FUN_0000_c054,exact
FUN_1c06_000c,1c06:000c,ram,c06c,,gap
FUN_1c0c_0006,1c0c:0006,ram,c0c6,FUN_0000_c0c6,exact
FUN_1c0c_0012,1c0c:0012,ram,c0d2,FUN_0000_c0d2,exact
FUN_1c0c_0022,1c0c:0022,ram,c0e2,FUN_0000_c0e2,exact
FUN_1c10_0008,1c10:0008,ram,c108,FUN_0000_c108,exact
FUN_1c11_000c,1c11:000c,ram,c11c,FUN_0000_c11c,exact
FUN_1c28_000a,1c28:000a,ram,c28a,FUN_0000_c28a,exact
FUN_1c2a_0006,1c2a:0006,ram,c2a6,FUN_0000_c2a6,exact
FUN_1c2e_000e,1c2e:000e,ram,c2ee,FUN_0000_c2ee,exact
FUN_1c2e_0022,1c2e:0022,ram,c302,FUN_0000_c302,exact
FUN_1c36_000a,1c36:000a,ram,c36a,FUN_0000_c36a,exact
FUN_1c56_0004,1c56:0004,ram,c564,FUN_0000_c564,exact
FUN_1c83_0002,1c83:0002,ram,c832,FUN_0000_c832,exact
FUN_1c89_0006,1c89:0006,ram,c896,FUN_0000_c896,exact
FUN_1caa_0004,1caa:0004,ram,caa4,,gap
FUN_1cd8_0004,1cd8:0004,ram,cd84,FUN_0000_cd84,exact
FUN_1cf8_000a,1cf8:000a,ram,cf8a,,gap
FUN_1d05_0000,1d05:0000,ram,d050,,gap
FUN_1d11_0000,1d11:0000,ram,d110,FUN_0000_d110,exact
FUN_1d11_001c,1d11:001c,ram,d12c,FUN_0000_d12c,exact
FUN_1d1c_0000,1d1c:0000,ram,d1c0,FUN_0000_d1c0,exact
FUN_1d1d_0016,1d1d:0016,ram,d1e6,FUN_0000_d1e6,exact
FUN_1d1d_00ca,1d1d:00ca,ram,d29a,FUN_0000_d29a,exact
FUN_1d1d_00ff,1d1d:00ff,ram,d2cf,FUN_0000_d2cf,exact
FUN_1d1d_0132,1d1d:0132,ram,d302,FUN_0000_d302,exact
FUN_1d1d_0150,1d1d:0150,ram,d320,,gap
FUN_1d1d_0223,1d1d:0223,ram,d3f3,,gap
FUN_1d1d_0248,1d1d:0248,ram,d418,FUN_0000_d418,exact
FUN_1d1d_030d,1d1d:030d,ram,d4dd,FUN_0000_d4dd,exact
FUN_1d1d_0390,1d1d:0390,ram,d560,FUN_0000_d560,exact
FUN_1d1d_03bd,1d1d:03bd,ram,d58d,FUN_0000_d58d,exact
FUN_1d1d_03d0,1d1d:03d0,ram,d5a0,FUN_0000_d5a0,exact
FUN_1d1d_03f4,1d1d:03f4,ram,d5c4,FUN_0000_d5c4,exact
FUN_1d1d_04ae,1d1d:04ae,ram,d67e,FUN_0000_d67e,exact
FUN_1d1d_04da,1d1d:04da,ram,d6aa,FUN_0000_d6aa,exact
FUN_1d1d_04f0,1d1d:04f0,ram,d6c0,FUN_0000_d6c0,exact
FUN_1d1d_0528,1d1d:0528,ram,d6f8,FUN_0000_d6f8,exact
FUN_1d1d_060c,1d1d:060c,ram,d7dc,,gap
FUN_1d1d_0712,1d1d:0712,ram,d8e2,FUN_0000_d8e2,exact
FUN_1d1d_0750,1d1d:0750,ram,d920,FUN_0000_d920,exact
FUN_1d1d_0758,1d1d:0758,ram,d928,FUN_0000_d928,exact
FUN_1d1d_0786,1d1d:0786,ram,d956,FUN_0000_d956,exact
FUN_1d1d_07a4,1d1d:07a4,ram,d974,FUN_0000_d974,exact
FUN_1d1d_07e4,1d1d:07e4,ram,d9b4,FUN_0000_d9b4,exact
FUN_1d1d_0816,1d1d:0816,ram,d9e6,FUN_0000_d9e6,exact
FUN_1d1d_0842,1d1d:0842,ram,da12,FUN_0000_da12,exact
FUN_1d1d_085e,1d1d:085e,ram,da2e,,gap
FUN_1d1d_0894,1d1d:0894,ram,da64,,gap
FUN_1d1d_08bc,1d1d:08bc,ram,da8c,FUN_0000_da8c,exact
thunk_FUN_1d1d_223c,1d1d:08f6,ram,dac6,thunk_FUN_0000_f40c,exact
FUN_1d1d_08fa,1d1d:08fa,ram,daca,FUN_0000_daca,exact
FUN_1d1d_0916,1d1d:0916,ram,dae6,FUN_0000_dae6,exact
FUN_1d1d_092c,1d1d:092c,ram,dafc,FUN_0000_dafc,exact
FUN_1d1d_0942,1d1d:0942,ram,db12,FUN_0000_db12,exact
FUN_1d1d_09a2,1d1d:09a2,ram,db72,FUN_0000_db72,exact
FUN_1d1d_09ca,1d1d:09ca,ram,db9a,FUN_0000_db9a,exact
FUN_1d1d_0a3e,1d1d:0a3e,ram,dc0e,,gap
FUN_1d1d_0abe,1d1d:0abe,ram,dc8e,FUN_0000_dc8e,exact
FUN_1d1d_0ad8,1d1d:0ad8,ram,dca8,FUN_0000_dca8,exact
FUN_1d1d_0b1c,1d1d:0b1c,ram,dcec,FUN_0000_dcec,exact
FUN_1d1d_0b48,1d1d:0b48,ram,dd18,FUN_0000_dd18,exact
FUN_1d1d_0ba2,1d1d:0ba2,ram,dd72,FUN_0000_dd72,exact
FUN_1d1d_0c56,1d1d:0c56,ram,de26,FUN_0000_de26,exact
FUN_1d1d_0c80,1d1d:0c80,ram,de50,FUN_0000_de50,exact
FUN_1d1d_0cc2,1d1d:0cc2,ram,de92,FUN_0000_de92,exact
FUN_1d1d_0d1a,1d1d:0d1a,ram,deea,FUN_0000_deea,exact
FUN_1d1d_0d46,1d1d:0d46,ram,df16,,gap
FUN_1d1d_0d64,1d1d:0d64,ram,df34,FUN_0000_df34,exact
FUN_1d1d_0d82,1d1d:0d82,ram,df52,FUN_0000_df52,exact
FUN_1d1d_0dae,1d1d:0dae,ram,df7e,FUN_0000_df7e,exact
FUN_1d1d_0ddc,1d1d:0ddc,ram,dfac,,gap
FUN_1d1d_0df2,1d1d:0df2,ram,dfc2,FUN_0000_dfc2,exact
FUN_1d1d_0e04,1d1d:0e04,ram,dfd4,FUN_0000_dfd4,exact
FUN_1d1d_0e2c,1d1d:0e2c,ram,dffc,FUN_0000_dffc,exact
FUN_1d1d_0e4a,1d1d:0e4a,ram,e01a,FUN_0000_e01a,exact
FUN_1d1d_0e58,1d1d:0e58,ram,e028,,gap
FUN_1d1d_0e63,1d1d:0e63,ram,e033,FUN_0000_e033,exact
FUN_1d1d_0e96,1d1d:0e96,ram,e066,FUN_0000_e066,exact
FUN_1d1d_0e9d,1d1d:0e9d,ram,e06d,FUN_0000_e06d,exact
FUN_1d1d_0ec6,1d1d:0ec6,ram,e096,FUN_0000_e096,exact
FUN_1d1d_0f60,1d1d:0f60,ram,e130,FUN_0000_e130,exact
FUN_1d1d_0f92,1d1d:0f92,ram,e162,FUN_0000_e162,exact
FUN_1d1d_0fb2,1d1d:0fb2,ram,e182,FUN_0000_e182,exact
FUN_1d1d_1010,1d1d:1010,ram,e1e0,FUN_0000_e1e0,exact
FUN_1d1d_103e,1d1d:103e,ram,e20e,,gap
FUN_1d1d_1084,1d1d:1084,ram,e254,,gap
FUN_1d1d_10c0,1d1d:10c0,ram,e290,,gap
FUN_1d1d_10ea,1d1d:10ea,ram,e2ba,FUN_0000_e2ba,exact
FUN_1d1d_1118,1d1d:1118,ram,e2e8,FUN_0000_e2e8,exact
FUN_1d1d_113c,1d1d:113c,ram,e30c,FUN_0000_e30c,exact
FUN_1d1d_117e,1d1d:117e,ram,e34e,FUN_0000_e34e,exact
FUN_1d1d_11b4,1d1d:11b4,ram,e384,FUN_0000_e384,exact
FUN_1d1d_11fa,1d1d:11fa,ram,e3ca,FUN_0000_e3ca,exact
FUN_1d1d_1242,1d1d:1242,ram,e412,FUN_0000_e412,exact
FUN_1d1d_1264,1d1d:1264,ram,e434,FUN_0000_e434,exact
FUN_1d1d_126a,1d1d:126a,ram,e43a,FUN_0000_e43a,exact
FUN_1d1d_128e,1d1d:128e,ram,e45e,FUN_0000_e45e,exact
FUN_1d1d_1420,1d1d:1420,ram,e5f0,FUN_0000_e5f0,exact
FUN_1d1d_149e,1d1d:149e,ram,e66e,FUN_0000_e66e,exact
FUN_1d1d_14c9,1d1d:14c9,ram,e699,FUN_0000_e699,exact
FUN_1d1d_1500,1d1d:1500,ram,e6d0,FUN_0000_e6d0,exact
FUN_1d1d_1508,1d1d:1508,ram,e6d8,FUN_0000_e6d8,exact
FUN_1d1d_1515,1d1d:1515,ram,e6e5,FUN_0000_e6e5,exact
FUN_1d1d_1528,1d1d:1528,ram,e6f8,FUN_0000_e6f8,exact
FUN_1d1d_1556,1d1d:1556,ram,e726,FUN_0000_e726,exact
FUN_1d1d_15ec,1d1d:15ec,ram,e7bc,FUN_0000_e7bc,exact
FUN_1d1d_16d0,1d1d:16d0,ram,e8a0,FUN_0000_e8a0,exact
FUN_1d1d_16fc,1d1d:16fc,ram,e8cc,FUN_0000_e8cc,exact
FUN_1d1d_17e4,1d1d:17e4,ram,e9b4,FUN_0000_e9b4,exact
FUN_1d1d_1857,1d1d:1857,ram,ea27,FUN_0000_ea27,exact
FUN_1d1d_1896,1d1d:1896,ram,ea66,FUN_0000_ea66,exact
FUN_1d1d_1912,1d1d:1912,ram,eae2,FUN_0000_eae2,exact
FUN_1d1d_196e,1d1d:196e,ram,eb3e,FUN_0000_eb3e,exact
FUN_1d1d_1e46,1d1d:1e46,ram,f016,FUN_0000_f016,exact
FUN_1d1d_1e7a,1d1d:1e7a,ram,f04a,FUN_0000_f04a,exact
FUN_1d1d_1e9a,1d1d:1e9a,ram,f06a,FUN_0000_f06a,exact
FUN_1d1d_1f14,1d1d:1f14,ram,f0e4,FUN_0000_f0e4,exact
FUN_1d1d_1ffe,1d1d:1ffe,ram,f1ce,FUN_0000_f1ce,exact
FUN_1d1d_20b2,1d1d:20b2,ram,f282,FUN_0000_f282,exact
FUN_1d1d_20fc,1d1d:20fc,ram,f2cc,FUN_0000_f2cc,exact
FUN_1d1d_210a,1d1d:210a,ram,f2da,FUN_0000_f2da,exact
FUN_1d1d_213e,1d1d:213e,ram,f30e,FUN_0000_f30e,exact
FUN_1d1d_21ca,1d1d:21ca,ram,f39a,FUN_0000_f39a,exact
FUN_1d1d_221b,1d1d:221b,ram,f3eb,FUN_0000_f3eb,exact
FUN_1d1d_223c,1d1d:223c,ram,f40c,FUN_0000_f40c,exact
FUN_1d1d_2290,1d1d:2290,ram,f460,FUN_0000_f460,exact
FUN_1d1d_2406,1d1d:2406,ram,f5d6,FUN_0000_f5d6,exact
FUN_1d1d_2526,1d1d:2526,ram,f6f6,FUN_0000_f6f6,exact
FUN_1d1d_2586,1d1d:2586,ram,f756,FUN_0000_f756,exact
FUN_1d1d_26dc,1d1d:26dc,ram,f8ac,FUN_0000_f8ac,exact
FUN_1d1d_2702,1d1d:2702,ram,f8d2,FUN_0000_f8d2,exact
FUN_1d1d_2746,1d1d:2746,ram,f916,FUN_0000_f916,exact
FUN_1d1d_28f1,1d1d:28f1,ram,fac1,FUN_0000_fac1,exact
FUN_1d1d_2902,1d1d:2902,ram,fad2,FUN_0000_fad2,exact
thunk_FUN_1d1d_2c65,1d1d:2916,ram,fae6,thunk_FUN_0000_fe35,exact
thunk_FUN_1d1d_2c44,1d1d:291c,ram,faec,thunk_FUN_0000_fe14,exact
FUN_1d1d_2922,1d1d:2922,ram,faf2,FUN_0000_faf2,exact
FUN_1d1d_299e,1d1d:299e,ram,fb6e,FUN_0000_fb6e,exact
FUN_1d1d_2b32,1d1d:2b32,ram,fd02,FUN_0000_fd02,exact
FUN_1d1d_2c44,1d1d:2c44,ram,fe14,FUN_0000_fe14,exact
FUN_1d1d_2c65,1d1d:2c65,ram,fe35,FUN_0000_fe35,exact
FUN_1d1d_2c8e,1d1d:2c8e,ram,fe5e,FUN_0000_fe5e,exact
FUN_1d1d_2f06,1d1d:2f06,ram,100d6,FUN_1000_00d6,exact
FUN_1d1d_328a,1d1d:328a,ram,1045a,FUN_1000_045a,exact
FUN_2047_000a,2047:000a,ram,1047a,,gap
FUN_2047_00b8,2047:00b8,ram,10528,FUN_1000_0528,exact
FUN_2047_00e9,2047:00e9,ram,10559,FUN_1000_0559,exact
FUN_2047_0106,2047:0106,ram,10576,FUN_1000_0576,exact
FUN_2047_011f,2047:011f,ram,1058f,FUN_1000_058f,exact
FUN_2059_0006,2059:0006,ram,10596,,gap
FUN_2059_000a,2059:000a,ram,1059a,FUN_1000_059a,exact
FUN_2059_005f,2059:005f,ram,105ef,FUN_1000_05ef,exact
FUN_205f_000c,205f:000c,ram,105fc,,gap
FUN_205f_0046,205f:0046,ram,10636,,gap
FUN_206d_000a,206d:000a,ram,106da,FUN_1000_06da,exact
FUN_2074_0008,2074:0008,ram,10748,,gap
caseD_5,2085:0004,ram,10854,,gap
FUN_2088_000c,2088:000c,ram,1088c,FUN_1000_088c,exact
FUN_2088_0048,2088:0048,ram,108c8,FUN_1000_08c8,exact
FUN_2094_000a,2094:000a,ram,1094a,FUN_1000_094a,exact
FUN_209a_000a,209a:000a,ram,109aa,FUN_1000_09aa,exact
FUN_20a0_000e,20a0:000e,ram,10a0e,FUN_1000_0a0e,exact
FUN_2100_000e,2100:000e,ram,1100e,,gap
FUN_2103_000a,2103:000a,ram,1103a,FUN_1000_103a,exact
FUN_2103_004c,2103:004c,ram,1107c,FUN_1000_107c,exact
FUN_210d_051a,210d:051a,ram,115ea,FUN_1000_15ea,exact
entry,210d:071d,ram,117ed,,gap
FUN_210d_0727,210d:0727,ram,117f7,FUN_1000_17f7,exact
FUN_210d_0d91,210d:0d91,ram,11e61,FUN_1000_1e61,exact
FUN_210d_0dab,210d:0dab,ram,11e7b,FUN_1000_1e7b,exact
FUN_210d_1268,210d:1268,ram,12338,FUN_1000_2338,exact
FUN_210d_12ad,210d:12ad,ram,1237d,FUN_1000_237d,exact
FUN_210d_1341,210d:1341,ram,12411,FUN_1000_2411,exact
FUN_210d_1407,210d:1407,ram,124d7,FUN_1000_24d7,exact
FUN_210d_167b,210d:167b,ram,1274b,FUN_1000_274b,exact
FUN_210d_1695,210d:1695,ram,12765,FUN_1000_2765,exact
FUN_210d_1ac4,210d:1ac4,ram,12b94,FUN_1000_2b94,exact
FUN_210d_1bc4,210d:1bc4,ram,12c94,FUN_1000_2c94,exact
FUN_210d_1c43,210d:1c43,ram,12d13,FUN_1000_2d13,exact
FUN_210d_1c61,210d:1c61,ram,12d31,FUN_1000_2d31,exact
FUN_210d_1c75,210d:1c75,ram,12d45,FUN_1000_2d45,exact
FUN_210d_1d49,210d:1d49,ram,12e19,FUN_1000_2e19,exact
FUN_210d_1dbd,210d:1dbd,ram,12e8d,FUN_1000_2e8d,exact
FUN_210d_1ebd,210d:1ebd,ram,12f8d,FUN_1000_2f8d,exact
FUN_210d_2019,210d:2019,ram,130e9,FUN_1000_30e9,exact
FUN_210d_2042,210d:2042,ram,13112,FUN_1000_3112,exact
FUN_210d_238c,210d:238c,ram,1345c,FUN_1000_345c,exact
FUN_210d_238e,210d:238e,ram,1345e,FUN_1000_345e,exact
FUN_210d_239d,210d:239d,ram,1346d,FUN_1000_346d,exact
FUN_210d_2492,210d:2492,ram,13562,FUN_1000_3562,exact
FUN_210d_2590,210d:2590,ram,13660,FUN_1000_3660,exact
FUN_210d_2607,210d:2607,ram,136d7,FUN_1000_36d7,exact
FUN_210d_265a,210d:265a,ram,1372a,FUN_1000_372a,exact
FUN_210d_2684,210d:2684,ram,13754,FUN_1000_3754,exact
FUN_210d_2982,210d:2982,ram,13a52,FUN_1000_3a52,exact
FUN_210d_2a0e,210d:2a0e,ram,13ade,FUN_1000_3ade,exact
FUN_210d_2a48,210d:2a48,ram,13b18,FUN_1000_3b18,exact
FUN_210d_2a6e,210d:2a6e,ram,13b3e,FUN_1000_3b3e,exact
FUN_210d_2aa5,210d:2aa5,ram,13b75,FUN_1000_3b75,exact
FUN_210d_2ae5,210d:2ae5,ram,13bb5,FUN_1000_3bb5,exact
FUN_210d_2b22,210d:2b22,ram,13bf2,FUN_1000_3bf2,exact
FUN_210d_2b9b,210d:2b9b,ram,13c6b,FUN_1000_3c6b,exact
FUN_210d_2c57,210d:2c57,ram,13d27,FUN_1000_3d27,exact
FUN_210d_2d5a,210d:2d5a,ram,13e2a,FUN_1000_3e2a,exact
FUN_210d_2e59,210d:2e59,ram,13f29,FUN_1000_3f29,exact
FUN_210d_2e78,210d:2e78,ram,13f48,FUN_1000_3f48,exact
FUN_210d_2fd2,210d:2fd2,ram,140a2,FUN_1000_40a2,exact
FUN_210d_3018,210d:3018,ram,140e8,FUN_1000_40e8,exact
FUN_210d_302e,210d:302e,ram,140fe,FUN_1000_40fe,exact
FUN_210d_3046,210d:3046,ram,14116,FUN_1000_4116,exact
FUN_210d_3080,210d:3080,ram,14150,FUN_1000_4150,exact
FUN_210d_3094,210d:3094,ram,14164,FUN_1000_4164,exact
FUN_210d_3147,210d:3147,ram,14217,FUN_1000_4217,exact
FUN_210d_3179,210d:3179,ram,14249,FUN_1000_4249,exact
FUN_210d_31c4,210d:31c4,ram,14294,FUN_1000_4294,exact
FUN_210d_322c,210d:322c,ram,142fc,FUN_1000_42fc,exact
FUN_210d_3254,210d:3254,ram,14324,FUN_1000_4324,exact
FUN_210d_3322,210d:3322,ram,143f2,FUN_1000_43f2,exact
FUN_210d_3367,210d:3367,ram,14437,FUN_1000_4437,exact
FUN_210d_33e3,210d:33e3,ram,144b3,FUN_1000_44b3,exact
FUN_210d_3564,210d:3564,ram,14634,FUN_1000_4634,exact
FUN_210d_3791,210d:3791,ram,14861,FUN_1000_4861,exact
FUN_210d_37ad,210d:37ad,ram,1487d,FUN_1000_487d,exact
FUN_210d_37d9,210d:37d9,ram,148a9,FUN_1000_48a9,exact
FUN_210d_38d8,210d:38d8,ram,149a8,,gap
FUN_210d_391d,210d:391d,ram,149ed,FUN_1000_49ed,exact
FUN_210d_3a0f,210d:3a0f,ram,14adf,FUN_1000_4adf,exact
FUN_210d_3d9b,210d:3d9b,ram,14e6b,FUN_1000_4e6b,exact
FUN_210d_3f46,210d:3f46,ram,15016,FUN_1000_5016,exact
FUN_210d_3fb7,210d:3fb7,ram,15087,FUN_1000_5087,exact
FUN_210d_402f,210d:402f,ram,150ff,FUN_1000_50ff,exact
FUN_210d_4052,210d:4052,ram,15122,FUN_1000_5122,exact
FUN_210d_409c,210d:409c,ram,1516c,FUN_1000_516c,exact
FUN_210d_40e6,210d:40e6,ram,151b6,FUN_1000_51b6,exact
FUN_210d_43f0,210d:43f0,ram,154c0,FUN_1000_54c0,exact
FUN_210d_4454,210d:4454,ram,15524,FUN_1000_5524,exact
FUN_210d_44db,210d:44db,ram,155ab,FUN_1000_55ab,exact
FUN_210d_45d3,210d:45d3,ram,156a3,FUN_1000_56a3,exact
FUN_210d_45da,210d:45da,ram,156aa,FUN_1000_56aa,exact
FUN_210d_45e7,210d:45e7,ram,156b7,FUN_1000_56b7,exact
FUN_210d_45f1,210d:45f1,ram,156c1,FUN_1000_56c1,exact
FUN_210d_466e,210d:466e,ram,1573e,FUN_1000_573e,exact
FUN_210d_470f,210d:470f,ram,157df,FUN_1000_57df,exact
FUN_210d_4751,210d:4751,ram,15821,FUN_1000_5821,exact
FUN_210d_479f,210d:479f,ram,1586f,FUN_1000_586f,exact
FUN_210d_49c3,210d:49c3,ram,15a93,FUN_1000_5a93,exact
FUN_210d_49db,210d:49db,ram,15aab,FUN_1000_5aab,exact
FUN_210d_4a4c,210d:4a4c,ram,15b1c,FUN_1000_5b1c,exact
FUN_210d_4c83,210d:4c83,ram,15d53,FUN_1000_5d53,exact
FUN_210d_4ce3,210d:4ce3,ram,15db3,FUN_1000_5db3,exact
FUN_210d_4d4f,210d:4d4f,ram,15e1f,FUN_1000_5e1f,exact
FUN_210d_4de3,210d:4de3,ram,15eb3,FUN_1000_5eb3,exact
FUN_210d_4e28,210d:4e28,ram,15ef8,FUN_1000_5ef8,exact
FUN_210d_4e3b,210d:4e3b,ram,15f0b,FUN_1000_5f0b,exact
FUN_210d_4e4e,210d:4e4e,ram,15f1e,FUN_1000_5f1e,exact
FUN_210d_4fe5,210d:4fe5,ram,160b5,FUN_1000_60b5,exact
FUN_210d_508b,210d:508b,ram,1615b,FUN_1000_615b,exact
FUN_210d_5247,210d:5247,ram,16317,FUN_1000_6317,exact
FUN_210d_52a6,210d:52a6,ram,16376,FUN_1000_6376,exact
FUN_210d_52d3,210d:52d3,ram,163a3,FUN_1000_63a3,exact
FUN_210d_535c,210d:535c,ram,1642c,FUN_1000_642c,exact
FUN_210d_5365,210d:5365,ram,16435,FUN_1000_6435,exact
FUN_210d_536e,210d:536e,ram,1643e,FUN_1000_643e,exact
FUN_210d_538c,210d:538c,ram,1645c,FUN_1000_645c,exact
FUN_210d_53b5,210d:53b5,ram,16485,FUN_1000_6485,exact
FUN_210d_53cb,210d:53cb,ram,1649b,FUN_1000_6485,contained
FUN_210d_545f,210d:545f,ram,1652f,FUN_1000_652f,exact
FUN_210d_54d0,210d:54d0,ram,165a0,FUN_1000_65a0,exact
FUN_210d_552c,210d:552c,ram,165fc,FUN_1000_65fc,exact
FUN_210d_5699,210d:5699,ram,16769,FUN_1000_6769,exact
FUN_210d_56e5,210d:56e5,ram,167b5,FUN_1000_67b5,exact
FUN_210d_5716,210d:5716,ram,167e6,FUN_1000_67e6,exact
FUN_210d_5808,210d:5808,ram,168d8,FUN_1000_68d8,exact
FUN_210d_5856,210d:5856,ram,16926,FUN_1000_6926,exact
FUN_210d_58c2,210d:58c2,ram,16992,FUN_1000_6992,exact
FUN_210d_58f7,210d:58f7,ram,169c7,FUN_1000_69c7,exact
FUN_210d_58f9,210d:58f9,ram,169c9,FUN_1000_69c9,exact
FUN_210d_597f,210d:597f,ram,16a4f,FUN_1000_6a4f,exact
FUN_210d_59ce,210d:59ce,ram,16a9e,FUN_1000_6a9e,exact
FUN_210d_5a76,210d:5a76,ram,16b46,FUN_1000_6b46,exact
FUN_210d_5a9d,210d:5a9d,ram,16b6d,FUN_1000_6b6d,exact
FUN_210d_5afc,210d:5afc,ram,16bcc,FUN_1000_6bcc,exact
FUN_210d_5b26,210d:5b26,ram,16bf6,FUN_1000_6bf6,exact
FUN_210d_5b9d,210d:5b9d,ram,16c6d,FUN_1000_6c6d,exact
FUN_210d_5bcb,210d:5bcb,ram,16c9b,FUN_1000_6c9b,exact
FUN_210d_5c9e,210d:5c9e,ram,16d6e,FUN_1000_6d6e,exact
FUN_210d_5d49,210d:5d49,ram,16e19,FUN_1000_6e19,exact
FUN_210d_5dd0,210d:5dd0,ram,16ea0,FUN_1000_6ea0,exact
caseD_0,272d:022f,ram,174ff,FUN_1000_74ff,exact
FUN_275d_0000,275d:0000,ram,175d0,FUN_1000_75d0,exact
FUN_275d_023a,275d:023a,ram,1780a,FUN_1000_780a,exact
FUN_275d_02b2,275d:02b2,ram,17882,FUN_1000_7882,exact
FUN_275d_033a,275d:033a,ram,1790a,FUN_1000_790a,exact
FUN_275d_0443,275d:0443,ram,17a13,FUN_1000_7a13,exact
FUN_275d_048f,275d:048f,ram,17a5f,FUN_1000_7a5f,exact
FUN_275d_05ed,275d:05ed,ram,17bbd,FUN_1000_7bbd,exact
FUN_275d_0624,275d:0624,ram,17bf4,FUN_1000_7bf4,exact
FUN_275d_062d,275d:062d,ram,17bfd,FUN_1000_7bfd,exact
FUN_275d_06b3,275d:06b3,ram,17c83,FUN_1000_7c83,exact
FUN_275d_06db,275d:06db,ram,17cab,FUN_1000_7cab,exact
FUN_275d_0700,275d:0700,ram,17cd0,FUN_1000_7cd0,exact
FUN_275d_07a4,275d:07a4,ram,17d74,FUN_1000_7d74,exact
FUN_275d_080f,275d:080f,ram,17ddf,FUN_1000_7ddf,exact
FUN_275d_08ad,275d:08ad,ram,17e7d,FUN_1000_7e7d,exact
FUN_275d_0909,275d:0909,ram,17ed9,FUN_1000_7ed9,exact
FUN_275d_0a11,275d:0a11,ram,17fe1,FUN_1000_7fe1,exact
FUN_275d_0a4f,275d:0a4f,ram,1801f,FUN_1000_801f,exact
FUN_275d_0ab8,275d:0ab8,ram,18088,FUN_1000_8088,exact
FUN_275d_0acc,275d:0acc,ram,1809c,FUN_1000_809c,exact
FUN_275d_0b09,275d:0b09,ram,180d9,FUN_1000_80d9,exact
FUN_281f_0000,281f:0000,ram,181f0,FUN_1000_81f0,exact
FUN_281f_000e,281f:000e,ram,181fe,FUN_1000_81fe,exact
FUN_281f_0018,281f:0018,ram,18208,FUN_1000_8208,exact
FUN_281f_0022,281f:0022,ram,18212,FUN_1000_8212,exact
FUN_281f_002c,281f:002c,ram,1821c,FUN_1000_821c,exact
FUN_281f_0048,281f:0048,ram,18238,FUN_1000_8238,exact
FUN_281f_0056,281f:0056,ram,18246,FUN_1000_8246,exact
FUN_281f_0060,281f:0060,ram,18250,FUN_1000_8250,exact
FUN_281f_006a,281f:006a,ram,1825a,FUN_1000_825a,exact
FUN_281f_0074,281f:0074,ram,18264,FUN_1000_8264,exact
FUN_281f_007e,281f:007e,ram,1826e,FUN_1000_826e,exact
FUN_281f_0088,281f:0088,ram,18278,FUN_1000_8278,exact
FUN_281f_0092,281f:0092,ram,18282,FUN_1000_8282,exact
FUN_281f_009c,281f:009c,ram,1828c,FUN_1000_828c,exact
FUN_281f_00a6,281f:00a6,ram,18296,FUN_1000_8296,exact
FUN_281f_00b0,281f:00b0,ram,182a0,FUN_1000_82a0,exact
FUN_281f_00ba,281f:00ba,ram,182aa,FUN_1000_82aa,exact
FUN_281f_00c4,281f:00c4,ram,182b4,FUN_1000_82b4,exact
FUN_281f_00ce,281f:00ce,ram,182be,FUN_1000_82be,exact
FUN_281f_00d8,281f:00d8,ram,182c8,FUN_1000_82c8,exact
FUN_281f_00e2,281f:00e2,ram,182d2,FUN_1000_82d2,exact
FUN_281f_00ec,281f:00ec,ram,182dc,FUN_1000_82dc,exact
FUN_281f_00f6,281f:00f6,ram,182e6,FUN_1000_82e6,exact
FUN_281f_0100,281f:0100,ram,182f0,FUN_1000_82f0,exact
FUN_281f_010a,281f:010a,ram,182fa,FUN_1000_82fa,exact
FUN_281f_0114,281f:0114,ram,18304,FUN_1000_8304,exact
FUN_281f_011e,281f:011e,ram,1830e,FUN_1000_830e,exact
FUN_281f_0128,281f:0128,ram,18318,FUN_1000_8318,exact
FUN_281f_0132,281f:0132,ram,18322,FUN_1000_8322,exact
FUN_281f_013c,281f:013c,ram,1832c,FUN_1000_832c,exact
FUN_281f_0146,281f:0146,ram,18336,FUN_1000_8336,exact
FUN_281f_0150,281f:0150,ram,18340,FUN_1000_8340,exact
FUN_281f_015a,281f:015a,ram,1834a,FUN_1000_834a,exact
FUN_281f_0164,281f:0164,ram,18354,FUN_1000_8354,exact
FUN_281f_016e,281f:016e,ram,1835e,FUN_1000_835e,exact
FUN_281f_0178,281f:0178,ram,18368,FUN_1000_8368,exact
FUN_281f_0182,281f:0182,ram,18372,FUN_1000_8372,exact
FUN_281f_018c,281f:018c,ram,1837c,FUN_1000_837c,exact
FUN_281f_0196,281f:0196,ram,18386,FUN_1000_8386,exact
FUN_281f_01a0,281f:01a0,ram,18390,FUN_1000_8390,exact
FUN_281f_01aa,281f:01aa,ram,1839a,FUN_1000_839a,exact
FUN_281f_01b4,281f:01b4,ram,183a4,FUN_1000_83a4,exact
FUN_281f_01be,281f:01be,ram,183ae,FUN_1000_83ae,exact
FUN_281f_01c8,281f:01c8,ram,183b8,FUN_1000_83b8,exact
FUN_281f_01d2,281f:01d2,ram,183c2,FUN_1000_83c2,exact
FUN_281f_01dc,281f:01dc,ram,183cc,FUN_1000_83cc,exact
FUN_281f_01e6,281f:01e6,ram,183d6,FUN_1000_83d6,exact
FUN_281f_01f0,281f:01f0,ram,183e0,FUN_1000_83e0,exact
FUN_281f_01fa,281f:01fa,ram,183ea,FUN_1000_83ea,exact
FUN_281f_0204,281f:0204,ram,183f4,FUN_1000_83f4,exact
FUN_281f_020e,281f:020e,ram,183fe,FUN_1000_83fe,exact
FUN_281f_0218,281f:0218,ram,18408,FUN_1000_8408,exact
FUN_281f_0222,281f:0222,ram,18412,FUN_1000_8412,exact
FUN_281f_022c,281f:022c,ram,1841c,FUN_1000_841c,exact
FUN_281f_0236,281f:0236,ram,18426,FUN_1000_8426,exact
FUN_281f_0240,281f:0240,ram,18430,FUN_1000_8430,exact
FUN_281f_024a,281f:024a,ram,1843a,FUN_1000_843a,exact
FUN_281f_0254,281f:0254,ram,18444,FUN_1000_8444,exact
FUN_281f_025e,281f:025e,ram,1844e,FUN_1000_844e,exact
FUN_281f_0268,281f:0268,ram,18458,FUN_1000_8458,exact
FUN_281f_0272,281f:0272,ram,18462,FUN_1000_8462,exact
FUN_281f_027c,281f:027c,ram,1846c,FUN_1000_846c,exact
FUN_281f_0286,281f:0286,ram,18476,FUN_1000_8476,exact
FUN_281f_0290,281f:0290,ram,18480,FUN_1000_8480,exact
FUN_281f_029a,281f:029a,ram,1848a,FUN_1000_848a,exact
FUN_281f_02a8,281f:02a8,ram,18498,,gap
FUN_281f_02b2,281f:02b2,ram,184a2,,gap
FUN_281f_02bc,281f:02bc,ram,184ac,FUN_1000_84ac,exact
FUN_281f_02c6,281f:02c6,ram,184b6,FUN_1000_84b6,exact
FUN_281f_02d0,281f:02d0,ram,184c0,FUN_1000_84c0,exact
FUN_281f_02da,281f:02da,ram,184ca,FUN_1000_84ca,exact
FUN_281f_02e4,281f:02e4,ram,184d4,FUN_1000_84d4,exact
FUN_281f_02ee,281f:02ee,ram,184de,FUN_1000_84de,exact
FUN_281f_02f8,281f:02f8,ram,184e8,FUN_1000_84e8,exact
FUN_281f_0302,281f:0302,ram,184f2,FUN_1000_84f2,exact
FUN_281f_030c,281f:030c,ram,184fc,FUN_1000_84fc,exact
FUN_281f_0316,281f:0316,ram,18506,FUN_1000_8506,exact
FUN_281f_0322,281f:0322,ram,18512,FUN_1000_8512,exact
FUN_281f_032c,281f:032c,ram,1851c,FUN_1000_851c,exact
FUN_281f_033a,281f:033a,ram,1852a,,gap
FUN_281f_0344,281f:0344,ram,18534,FUN_1000_8534,exact
FUN_281f_0352,281f:0352,ram,18542,,gap
FUN_281f_035c,281f:035c,ram,1854c,,gap
FUN_281f_0366,281f:0366,ram,18556,FUN_1000_8556,exact
FUN_281f_0370,281f:0370,ram,18560,FUN_1000_8560,exact
FUN_281f_037a,281f:037a,ram,1856a,FUN_1000_856a,exact
FUN_281f_038e,281f:038e,ram,1857e,FUN_1000_857e,exact
FUN_281f_0398,281f:0398,ram,18588,FUN_1000_8588,exact
FUN_281f_03a2,281f:03a2,ram,18592,FUN_1000_8592,exact
FUN_281f_03ac,281f:03ac,ram,1859c,FUN_1000_859c,exact
FUN_281f_03b6,281f:03b6,ram,185a6,FUN_1000_85a6,exact
FUN_281f_03c0,281f:03c0,ram,185b0,FUN_1000_85b0,exact
FUN_281f_03ca,281f:03ca,ram,185ba,FUN_1000_85ba,exact
FUN_281f_03d4,281f:03d4,ram,185c4,FUN_1000_85c4,exact
FUN_281f_03e0,281f:03e0,ram,185d0,,gap
FUN_281f_03ea,281f:03ea,ram,185da,FUN_1000_85da,exact
FUN_281f_03f4,281f:03f4,ram,185e4,FUN_1000_85e4,exact
FUN_281f_03fe,281f:03fe,ram,185ee,FUN_1000_85ee,exact
FUN_281f_040a,281f:040a,ram,185fa,FUN_1000_85fa,exact
FUN_281f_0416,281f:0416,ram,18606,FUN_1000_8606,exact
FUN_281f_0422,281f:0422,ram,18612,FUN_1000_8612,exact
FUN_281f_042e,281f:042e,ram,1861e,FUN_1000_861e,exact
FUN_281f_0438,281f:0438,ram,18628,FUN_1000_8628,exact
FUN_281f_0444,281f:0444,ram,18634,,gap
FUN_281f_044e,281f:044e,ram,1863e,FUN_1000_863e,exact
FUN_281f_045c,281f:045c,ram,1864c,,gap
FUN_281f_0466,281f:0466,ram,18656,,gap
FUN_281f_0470,281f:0470,ram,18660,,gap
FUN_281f_047a,281f:047a,ram,1866a,,gap
FUN_281f_0484,281f:0484,ram,18674,,gap
FUN_281f_048e,281f:048e,ram,1867e,FUN_1000_867e,exact
FUN_281f_0498,281f:0498,ram,18688,FUN_1000_8688,exact
FUN_281f_04a2,281f:04a2,ram,18692,FUN_1000_8692,exact
FUN_281f_04ac,281f:04ac,ram,1869c,FUN_1000_869c,exact
FUN_281f_04b6,281f:04b6,ram,186a6,FUN_1000_86a6,exact
FUN_281f_04c0,281f:04c0,ram,186b0,FUN_1000_86b0,exact
FUN_281f_04ca,281f:04ca,ram,186ba,FUN_1000_86ba,exact
FUN_281f_04d4,281f:04d4,ram,186c4,FUN_1000_86c4,exact
FUN_281f_04de,281f:04de,ram,186ce,FUN_1000_86ce,exact
FUN_281f_04e8,281f:04e8,ram,186d8,FUN_1000_86d8,exact
FUN_281f_04f2,281f:04f2,ram,186e2,FUN_1000_86e2,exact
FUN_281f_04fc,281f:04fc,ram,186ec,FUN_1000_86ec,exact
FUN_281f_0506,281f:0506,ram,186f6,FUN_1000_86f6,exact
FUN_281f_0510,281f:0510,ram,18700,FUN_1000_8700,exact
FUN_281f_051a,281f:051a,ram,1870a,FUN_1000_870a,exact
FUN_281f_0524,281f:0524,ram,18714,FUN_1000_8714,exact
FUN_281f_052e,281f:052e,ram,1871e,FUN_1000_871e,exact
FUN_281f_053c,281f:053c,ram,1872c,FUN_1000_872c,exact
FUN_281f_0546,281f:0546,ram,18736,FUN_1000_8736,exact
FUN_281f_0550,281f:0550,ram,18740,FUN_1000_8740,exact
FUN_281f_055e,281f:055e,ram,1874e,FUN_1000_874e,exact
FUN_281f_056a,281f:056a,ram,1875a,FUN_1000_875a,exact
FUN_281f_0574,281f:0574,ram,18764,FUN_1000_8764,exact
FUN_281f_0582,281f:0582,ram,18772,FUN_1000_8772,exact
FUN_281f_0590,281f:0590,ram,18780,FUN_1000_8780,exact
FUN_281f_059a,281f:059a,ram,1878a,FUN_1000_878a,exact
FUN_281f_05a8,281f:05a8,ram,18798,FUN_1000_8798,exact
FUN_281f_05b6,281f:05b6,ram,187a6,FUN_1000_87a6,exact
FUN_281f_05c4,281f:05c4,ram,187b4,,gap
FUN_281f_05ce,281f:05ce,ram,187be,FUN_1000_87be,exact
FUN_281f_05d8,281f:05d8,ram,187c8,FUN_1000_87c8,exact
FUN_281f_05e2,281f:05e2,ram,187d2,FUN_1000_87d2,exact
FUN_281f_05ec,281f:05ec,ram,187dc,FUN_1000_87dc,exact
FUN_281f_05fa,281f:05fa,ram,187ea,FUN_1000_87ea,exact
FUN_281f_0608,281f:0608,ram,187f8,FUN_1000_87f8,exact
FUN_281f_0614,281f:0614,ram,18804,FUN_1000_8804,exact
FUN_281f_061e,281f:061e,ram,1880e,FUN_1000_880e,exact
FUN_281f_062c,281f:062c,ram,1881c,FUN_1000_881c,exact
FUN_281f_0638,281f:0638,ram,18828,FUN_1000_8828,exact
FUN_281f_0644,281f:0644,ram,18834,FUN_1000_8834,exact
FUN_281f_0652,281f:0652,ram,18842,FUN_1000_8842,exact
FUN_281f_065e,281f:065e,ram,1884e,,gap
FUN_281f_0668,281f:0668,ram,18858,FUN_1000_8858,exact
FUN_281f_0676,281f:0676,ram,18866,FUN_1000_8866,exact
FUN_281f_0682,281f:0682,ram,18872,FUN_1000_8872,exact
FUN_281f_068c,281f:068c,ram,1887c,FUN_1000_887c,exact
FUN_281f_0696,281f:0696,ram,18886,FUN_1000_8886,exact
FUN_281f_06a0,281f:06a0,ram,18890,FUN_1000_8890,exact
FUN_281f_06aa,281f:06aa,ram,1889a,FUN_1000_889a,exact
FUN_281f_06b4,281f:06b4,ram,188a4,FUN_1000_88a4,exact
FUN_281f_06be,281f:06be,ram,188ae,FUN_1000_88ae,exact
FUN_281f_06c8,281f:06c8,ram,188b8,FUN_1000_88b8,exact
FUN_281f_06d2,281f:06d2,ram,188c2,FUN_1000_88c2,exact
FUN_281f_06dc,281f:06dc,ram,188cc,FUN_1000_88cc,exact
FUN_281f_06e6,281f:06e6,ram,188d6,FUN_1000_88d6,exact
FUN_281f_06f0,281f:06f0,ram,188e0,FUN_1000_88e0,exact
FUN_281f_06fa,281f:06fa,ram,188ea,FUN_1000_88ea,exact
FUN_281f_0704,281f:0704,ram,188f4,FUN_1000_88f4,exact
FUN_281f_070e,281f:070e,ram,188fe,FUN_1000_88fe,exact
FUN_281f_0718,281f:0718,ram,18908,FUN_1000_8908,exact
FUN_281f_0722,281f:0722,ram,18912,FUN_1000_8912,exact
FUN_281f_072c,281f:072c,ram,1891c,FUN_1000_891c,exact
FUN_281f_0736,281f:0736,ram,18926,FUN_1000_8926,exact
FUN_281f_0740,281f:0740,ram,18930,FUN_1000_8930,exact
FUN_281f_074a,281f:074a,ram,1893a,FUN_1000_893a,exact
FUN_281f_0754,281f:0754,ram,18944,FUN_1000_8944,exact
FUN_281f_075e,281f:075e,ram,1894e,FUN_1000_894e,exact
FUN_281f_0768,281f:0768,ram,18958,FUN_1000_8958,exact
FUN_281f_0772,281f:0772,ram,18962,FUN_1000_8962,exact
FUN_281f_077e,281f:077e,ram,1896e,FUN_1000_896e,exact
FUN_281f_078c,281f:078c,ram,1897c,,gap
FUN_281f_07a0,281f:07a0,ram,18990,FUN_1000_8990,exact
FUN_281f_07aa,281f:07aa,ram,1899a,FUN_1000_899a,exact
FUN_281f_07b4,281f:07b4,ram,189a4,FUN_1000_89a4,exact
FUN_281f_07be,281f:07be,ram,189ae,FUN_1000_89ae,exact
FUN_281f_07c8,281f:07c8,ram,189b8,FUN_1000_89b8,exact
FUN_281f_07d6,281f:07d6,ram,189c6,FUN_1000_89c6,exact
FUN_281f_07e0,281f:07e0,ram,189d0,FUN_1000_89d0,exact
FUN_281f_07ea,281f:07ea,ram,189da,FUN_1000_89da,exact
FUN_281f_07f4,281f:07f4,ram,189e4,FUN_1000_89e4,exact
FUN_281f_07fe,281f:07fe,ram,189ee,FUN_1000_89ee,exact
FUN_281f_0808,281f:0808,ram,189f8,FUN_1000_89f8,exact
FUN_281f_0812,281f:0812,ram,18a02,FUN_1000_8a02,exact
FUN_281f_081c,281f:081c,ram,18a0c,FUN_1000_8a0c,exact
FUN_281f_0826,281f:0826,ram,18a16,FUN_1000_8a16,exact
FUN_281f_0830,281f:0830,ram,18a20,FUN_1000_8a20,exact
FUN_281f_083a,281f:083a,ram,18a2a,FUN_1000_8a2a,exact
FUN_281f_0844,281f:0844,ram,18a34,FUN_1000_8a34,exact
FUN_281f_084e,281f:084e,ram,18a3e,FUN_1000_8a3e,exact
FUN_281f_0858,281f:0858,ram,18a48,FUN_1000_8a48,exact
FUN_281f_0862,281f:0862,ram,18a52,FUN_1000_8a52,exact
FUN_281f_086c,281f:086c,ram,18a5c,FUN_1000_8a5c,exact
FUN_281f_0876,281f:0876,ram,18a66,FUN_1000_8a66,exact
FUN_281f_0880,281f:0880,ram,18a70,FUN_1000_8a70,exact
FUN_281f_088a,281f:088a,ram,18a7a,FUN_1000_8a7a,exact
FUN_281f_0894,281f:0894,ram,18a84,FUN_1000_8a84,exact
FUN_281f_089e,281f:089e,ram,18a8e,FUN_1000_8a8e,exact
FUN_281f_08a8,281f:08a8,ram,18a98,FUN_1000_8a98,exact
FUN_281f_08b2,281f:08b2,ram,18aa2,FUN_1000_8aa2,exact
FUN_281f_08bc,281f:08bc,ram,18aac,FUN_1000_8aac,exact
FUN_281f_08c6,281f:08c6,ram,18ab6,FUN_1000_8ab6,exact
FUN_281f_08d0,281f:08d0,ram,18ac0,FUN_1000_8ac0,exact
FUN_281f_08da,281f:08da,ram,18aca,FUN_1000_8aca,exact
FUN_281f_08e4,281f:08e4,ram,18ad4,FUN_1000_8ad4,exact
FUN_281f_08ee,281f:08ee,ram,18ade,FUN_1000_8ade,exact
FUN_281f_08f8,281f:08f8,ram,18ae8,FUN_1000_8ae8,exact
FUN_281f_0902,281f:0902,ram,18af2,FUN_1000_8af2,exact
FUN_281f_090c,281f:090c,ram,18afc,FUN_1000_8afc,exact
FUN_281f_0916,281f:0916,ram,18b06,FUN_1000_8b06,exact
FUN_281f_0920,281f:0920,ram,18b10,FUN_1000_8b10,exact
FUN_281f_092a,281f:092a,ram,18b1a,FUN_1000_8b1a,exact
FUN_281f_0934,281f:0934,ram,18b24,FUN_1000_8b24,exact
caseD_1,281f:093e,ram,18b2e,FUN_1000_8b2e,exact
FUN_281f_0948,281f:0948,ram,18b38,FUN_1000_8b38,exact
FUN_281f_0952,281f:0952,ram,18b42,FUN_1000_8b42,exact
FUN_281f_095c,281f:095c,ram,18b4c,FUN_1000_8b4c,exact
FUN_281f_0966,281f:0966,ram,18b56,FUN_1000_8b56,exact
FUN_281f_0970,281f:0970,ram,18b60,FUN_1000_8b60,exact
FUN_281f_097a,281f:097a,ram,18b6a,FUN_1000_8b6a,exact
FUN_281f_0984,281f:0984,ram,18b74,FUN_1000_8b74,exact
FUN_281f_098e,281f:098e,ram,18b7e,FUN_1000_8b7e,exact
FUN_281f_0998,281f:0998,ram,18b88,FUN_1000_8b88,exact
FUN_281f_09a4,281f:09a4,ram,18b94,,gap
FUN_281f_09ae,281f:09ae,ram,18b9e,FUN_1000_8b9e,exact
FUN_281f_09ba,281f:09ba,ram,18baa,FUN_1000_8baa,exact
FUN_281f_09c8,281f:09c8,ram,18bb8,,gap
FUN_281f_09d2,281f:09d2,ram,18bc2,FUN_1000_8bc2,exact
FUN_281f_09dc,281f:09dc,ram,18bcc,FUN_1000_8bcc,exact
FUN_281f_09e6,281f:09e6,ram,18bd6,FUN_1000_8bd6,exact
FUN_281f_09f0,281f:09f0,ram,18be0,FUN_1000_8be0,exact
FUN_281f_09fc,281f:09fc,ram,18bec,FUN_1000_8bec,exact
caseD_10,281f:0a06,ram,18bf6,FUN_1000_8bf6,exact
FUN_281f_0a10,281f:0a10,ram,18c00,FUN_1000_8c00,exact
FUN_281f_0a1a,281f:0a1a,ram,18c0a,FUN_1000_8c0a,exact
FUN_281f_0a24,281f:0a24,ram,18c14,FUN_1000_8c14,exact
FUN_281f_0a2e,281f:0a2e,ram,18c1e,FUN_1000_8c1e,exact
FUN_281f_0a38,281f:0a38,ram,18c28,FUN_1000_8c28,exact
FUN_281f_0a42,281f:0a42,ram,18c32,FUN_1000_8c32,exact
FUN_281f_0a4c,281f:0a4c,ram,18c3c,FUN_1000_8c3c,exact
FUN_281f_0a56,281f:0a56,ram,18c46,FUN_1000_8c46,exact
FUN_281f_0a60,281f:0a60,ram,18c50,FUN_1000_8c50,exact
FUN_281f_0a6a,281f:0a6a,ram,18c5a,FUN_1000_8c5a,exact
FUN_281f_0a74,281f:0a74,ram,18c64,FUN_1000_8c64,exact
FUN_281f_0a7e,281f:0a7e,ram,18c6e,FUN_1000_8c6e,exact
FUN_281f_0a88,281f:0a88,ram,18c78,FUN_1000_8c78,exact
FUN_281f_0a92,281f:0a92,ram,18c82,FUN_1000_8c82,exact
FUN_281f_0a9c,281f:0a9c,ram,18c8c,FUN_1000_8c8c,exact
FUN_281f_0aa6,281f:0aa6,ram,18c96,FUN_1000_8c96,exact
FUN_281f_0ab0,281f:0ab0,ram,18ca0,FUN_1000_8ca0,exact
FUN_281f_0aba,281f:0aba,ram,18caa,FUN_1000_8caa,exact
FUN_281f_0ac4,281f:0ac4,ram,18cb4,FUN_1000_8cb4,exact
FUN_281f_0ace,281f:0ace,ram,18cbe,FUN_1000_8cbe,exact
FUN_281f_0ad8,281f:0ad8,ram,18cc8,FUN_1000_8cc8,exact
FUN_281f_0ae2,281f:0ae2,ram,18cd2,FUN_1000_8cd2,exact
FUN_281f_0aec,281f:0aec,ram,18cdc,FUN_1000_8cdc,exact
FUN_281f_0af6,281f:0af6,ram,18ce6,FUN_1000_8ce6,exact
FUN_281f_0b00,281f:0b00,ram,18cf0,FUN_1000_8cf0,exact
FUN_281f_0b0a,281f:0b0a,ram,18cfa,FUN_1000_8cfa,exact
FUN_281f_0b14,281f:0b14,ram,18d04,FUN_1000_8d04,exact
FUN_281f_0b1e,281f:0b1e,ram,18d0e,FUN_1000_8d0e,exact
FUN_281f_0b28,281f:0b28,ram,18d18,FUN_1000_8d18,exact
FUN_281f_0b32,281f:0b32,ram,18d22,FUN_1000_8d22,exact
FUN_281f_0b3c,281f:0b3c,ram,18d2c,FUN_1000_8d2c,exact
FUN_281f_0b46,281f:0b46,ram,18d36,FUN_1000_8d36,exact
FUN_281f_0b50,281f:0b50,ram,18d40,FUN_1000_8d40,exact
FUN_281f_0b5a,281f:0b5a,ram,18d4a,FUN_1000_8d4a,exact
FUN_281f_0b64,281f:0b64,ram,18d54,FUN_1000_8d54,exact
FUN_281f_0b6e,281f:0b6e,ram,18d5e,FUN_1000_8d5e,exact
FUN_281f_0b78,281f:0b78,ram,18d68,FUN_1000_8d68,exact
FUN_281f_0b82,281f:0b82,ram,18d72,FUN_1000_8d72,exact
FUN_281f_0b8c,281f:0b8c,ram,18d7c,FUN_1000_8d7c,exact
FUN_281f_0b96,281f:0b96,ram,18d86,FUN_1000_8d86,exact
FUN_281f_0ba0,281f:0ba0,ram,18d90,FUN_1000_8d90,exact
FUN_281f_0baa,281f:0baa,ram,18d9a,FUN_1000_8d9a,exact
FUN_281f_0bb4,281f:0bb4,ram,18da4,FUN_1000_8da4,exact
FUN_281f_0bbe,281f:0bbe,ram,18dae,FUN_1000_8dae,exact
FUN_281f_0bc8,281f:0bc8,ram,18db8,FUN_1000_8db8,exact
FUN_281f_0bd2,281f:0bd2,ram,18dc2,FUN_1000_8dc2,exact
FUN_281f_0bdc,281f:0bdc,ram,18dcc,FUN_1000_8dcc,exact
FUN_281f_0be6,281f:0be6,ram,18dd6,FUN_1000_8dd6,exact
FUN_281f_0bf0,281f:0bf0,ram,18de0,FUN_1000_8de0,exact
FUN_281f_0bfa,281f:0bfa,ram,18dea,FUN_1000_8dea,exact
FUN_281f_0c04,281f:0c04,ram,18df4,FUN_1000_8df4,exact
FUN_281f_0c0e,281f:0c0e,ram,18dfe,FUN_1000_8dfe,exact
FUN_281f_0c18,281f:0c18,ram,18e08,FUN_1000_8e08,exact
FUN_281f_0c22,281f:0c22,ram,18e12,FUN_1000_8e12,exact
FUN_281f_0c2c,281f:0c2c,ram,18e1c,FUN_1000_8e1c,exact
FUN_281f_0c36,281f:0c36,ram,18e26,FUN_1000_8e26,exact
FUN_281f_0c40,281f:0c40,ram,18e30,FUN_1000_8e30,exact
FUN_281f_0c4a,281f:0c4a,ram,18e3a,FUN_1000_8e3a,exact
FUN_281f_0c54,281f:0c54,ram,18e44,FUN_1000_8e44,exact
FUN_281f_0c5e,281f:0c5e,ram,18e4e,FUN_1000_8e4e,exact
FUN_281f_0c68,281f:0c68,ram,18e58,FUN_1000_8e58,exact
FUN_281f_0c72,281f:0c72,ram,18e62,FUN_1000_8e62,exact
FUN_281f_0c7c,281f:0c7c,ram,18e6c,FUN_1000_8e6c,exact
FUN_281f_0c86,281f:0c86,ram,18e76,FUN_1000_8e76,exact
FUN_281f_0c90,281f:0c90,ram,18e80,FUN_1000_8e80,exact
FUN_281f_0c9a,281f:0c9a,ram,18e8a,FUN_1000_8e8a,exact
FUN_281f_0ca4,281f:0ca4,ram,18e94,FUN_1000_8e94,exact
FUN_281f_0cae,281f:0cae,ram,18e9e,FUN_1000_8e9e,exact
FUN_281f_0cb8,281f:0cb8,ram,18ea8,FUN_1000_8ea8,exact
FUN_281f_0cc2,281f:0cc2,ram,18eb2,FUN_1000_8eb2,exact
FUN_281f_0ccc,281f:0ccc,ram,18ebc,FUN_1000_8ebc,exact
FUN_281f_0cd6,281f:0cd6,ram,18ec6,FUN_1000_8ec6,exact
FUN_281f_0ce0,281f:0ce0,ram,18ed0,FUN_1000_8ed0,exact
FUN_281f_0cea,281f:0cea,ram,18eda,FUN_1000_8eda,exact
FUN_281f_0cf4,281f:0cf4,ram,18ee4,FUN_1000_8ee4,exact
FUN_281f_0cfe,281f:0cfe,ram,18eee,FUN_1000_8eee,exact
FUN_281f_0d08,281f:0d08,ram,18ef8,FUN_1000_8ef8,exact
FUN_281f_0d12,281f:0d12,ram,18f02,FUN_1000_8f02,exact
FUN_281f_0d1c,281f:0d1c,ram,18f0c,FUN_1000_8f0c,exact
FUN_281f_0d26,281f:0d26,ram,18f16,FUN_1000_8f16,exact
FUN_281f_0d30,281f:0d30,ram,18f20,FUN_1000_8f20,exact
FUN_281f_0d3a,281f:0d3a,ram,18f2a,FUN_1000_8f2a,exact
FUN_281f_0d44,281f:0d44,ram,18f34,FUN_1000_8f34,exact
FUN_281f_0d4e,281f:0d4e,ram,18f3e,FUN_1000_8f3e,exact
FUN_281f_0d58,281f:0d58,ram,18f48,FUN_1000_8f48,exact
FUN_281f_0d62,281f:0d62,ram,18f52,FUN_1000_8f52,exact
FUN_281f_0d6c,281f:0d6c,ram,18f5c,FUN_1000_8f5c,exact
FUN_281f_0d78,281f:0d78,ram,18f68,FUN_1000_8f68,exact
FUN_281f_0d84,281f:0d84,ram,18f74,FUN_1000_8f74,exact
FUN_281f_0d9a,281f:0d9a,ram,18f8a,FUN_1000_8f8a,exact
FUN_281f_0da4,281f:0da4,ram,18f94,FUN_1000_8f94,exact
FUN_281f_0dae,281f:0dae,ram,18f9e,FUN_1000_8f9e,exact
FUN_281f_0db8,281f:0db8,ram,18fa8,FUN_1000_8fa8,exact
FUN_281f_0dc2,281f:0dc2,ram,18fb2,FUN_1000_8fb2,exact
FUN_281f_0dcc,281f:0dcc,ram,18fbc,FUN_1000_8fbc,exact
FUN_281f_0dd6,281f:0dd6,ram,18fc6,FUN_1000_8fc6,exact
FUN_281f_0de0,281f:0de0,ram,18fd0,FUN_1000_8fd0,exact
FUN_281f_0dea,281f:0dea,ram,18fda,FUN_1000_8fda,exact
FUN_281f_0df4,281f:0df4,ram,18fe4,FUN_1000_8fe4,exact
FUN_281f_0dfe,281f:0dfe,ram,18fee,FUN_1000_8fee,exact
FUN_281f_0e08,281f:0e08,ram,18ff8,FUN_1000_8ff8,exact
FUN_281f_0e12,281f:0e12,ram,19002,FUN_1000_9002,exact
FUN_281f_0e1c,281f:0e1c,ram,1900c,FUN_1000_900c,exact
FUN_281f_0e2a,281f:0e2a,ram,1901a,FUN_1000_901a,exact
FUN_281f_0e38,281f:0e38,ram,19028,FUN_1000_9028,exact
FUN_281f_0e46,281f:0e46,ram,19036,FUN_1000_9036,exact
FUN_281f_0e52,281f:0e52,ram,19042,FUN_1000_9042,exact
FUN_281f_0e5e,281f:0e5e,ram,1904e,FUN_1000_904e,exact
FUN_281f_0e68,281f:0e68,ram,19058,FUN_1000_9058,exact
FUN_281f_0e72,281f:0e72,ram,19062,FUN_1000_9062,exact
FUN_281f_0e7c,281f:0e7c,ram,1906c,FUN_1000_906c,exact
FUN_281f_0e86,281f:0e86,ram,19076,FUN_1000_9076,exact
FUN_281f_0e90,281f:0e90,ram,19080,FUN_1000_9080,exact
FUN_281f_0e9a,281f:0e9a,ram,1908a,FUN_1000_908a,exact
FUN_281f_0eae,281f:0eae,ram,1909e,FUN_1000_909e,exact
FUN_281f_0eb8,281f:0eb8,ram,190a8,FUN_1000_90a8,exact
FUN_281f_0ec2,281f:0ec2,ram,190b2,FUN_1000_90b2,exact
FUN_281f_0ecc,281f:0ecc,ram,190bc,FUN_1000_90bc,exact
FUN_281f_0ed6,281f:0ed6,ram,190c6,FUN_1000_90c6,exact
FUN_281f_0ee0,281f:0ee0,ram,190d0,FUN_1000_90d0,exact
FUN_281f_0f24,281f:0f24,ram,19114,FUN_1000_9114,exact
FUN_281f_0f30,281f:0f30,ram,19120,FUN_1000_9120,exact
FUN_281f_0f3c,281f:0f3c,ram,1912c,FUN_1000_912c,exact
FUN_281f_0f54,281f:0f54,ram,19144,FUN_1000_9144,exact
FUN_281f_0f6c,281f:0f6c,ram,1915c,FUN_1000_915c,exact
FUN_281f_0f78,281f:0f78,ram,19168,FUN_1000_9168,exact
FUN_281f_0f90,281f:0f90,ram,19180,FUN_1000_9180,exact
FUN_281f_0f9c,281f:0f9c,ram,1918c,FUN_1000_918c,exact
FUN_281f_0fa8,281f:0fa8,ram,19198,FUN_1000_9198,exact
FUN_281f_0fcc,281f:0fcc,ram,191bc,FUN_1000_91bc,exact
FUN_281f_0ff0,281f:0ff0,ram,191e0,FUN_1000_91e0,exact
FUN_291f_0018,291f:0018,ram,19208,FUN_1000_9208,exact
FUN_291f_0030,291f:0030,ram,19220,FUN_1000_9220,exact
FUN_291f_0048,291f:0048,ram,19238,FUN_1000_9238,exact
FUN_291f_006c,291f:006c,ram,1925c,FUN_1000_925c,exact
FUN_291f_0078,291f:0078,ram,19268,FUN_1000_9268,exact
FUN_291f_0084,291f:0084,ram,19274,FUN_1000_9274,exact
FUN_291f_0090,291f:0090,ram,19280,FUN_1000_9280,exact
FUN_291f_00a8,291f:00a8,ram,19298,FUN_1000_9298,exact
FUN_291f_00c0,291f:00c0,ram,192b0,FUN_1000_92b0,exact
FUN_291f_00cc,291f:00cc,ram,192bc,FUN_1000_92bc,exact
FUN_291f_00e4,291f:00e4,ram,192d4,FUN_1000_92d4,exact
FUN_291f_00f0,291f:00f0,ram,192e0,FUN_1000_92e0,exact
FUN_291f_0108,291f:0108,ram,192f8,FUN_1000_92f8,exact
FUN_291f_0120,291f:0120,ram,19310,FUN_1000_9310,exact
FUN_291f_012c,291f:012c,ram,1931c,,gap
FUN_291f_013a,291f:013a,ram,1932a,,gap
FUN_291f_0146,291f:0146,ram,19336,,gap
FUN_291f_0152,291f:0152,ram,19342,FUN_1000_9342,exact
FUN_291f_015e,291f:015e,ram,1934e,FUN_1000_934e,exact
FUN_291f_016a,291f:016a,ram,1935a,FUN_1000_935a,exact
FUN_291f_0176,291f:0176,ram,19366,FUN_1000_935a,contained
FUN_291f_0182,291f:0182,ram,19372,,gap
FUN_291f_018e,291f:018e,ram,1937e,,gap
FUN_291f_019c,291f:019c,ram,1938c,,gap
FUN_291f_01a8,291f:01a8,ram,19398,,gap
FUN_291f_01b6,291f:01b6,ram,193a6,,gap
FUN_291f_01c2,291f:01c2,ram,193b2,,gap
FUN_291f_01d0,291f:01d0,ram,193c0,,gap
FUN_291f_01de,291f:01de,ram,193ce,FUN_1000_93ce,exact
FUN_291f_01fa,291f:01fa,ram,193ea,FUN_1000_93ea,exact
FUN_291f_0208,291f:0208,ram,193f8,FUN_1000_93f8,exact
FUN_291f_0216,291f:0216,ram,19406,FUN_1000_9406,exact
FUN_291f_0224,291f:0224,ram,19414,FUN_1000_9414,exact
FUN_291f_0230,291f:0230,ram,19420,,gap
FUN_291f_023c,291f:023c,ram,1942c,,gap
FUN_291f_0248,291f:0248,ram,19438,,gap
FUN_291f_0254,291f:0254,ram,19444,FUN_1000_9444,exact
FUN_291f_0262,291f:0262,ram,19452,FUN_1000_9452,exact
FUN_291f_026e,291f:026e,ram,1945e,,gap
FUN_291f_027a,291f:027a,ram,1946a,,gap
FUN_291f_0288,291f:0288,ram,19478,FUN_1000_9478,exact
FUN_291f_0296,291f:0296,ram,19486,,gap
FUN_291f_02a4,291f:02a4,ram,19494,,gap
FUN_291f_02b2,291f:02b2,ram,194a2,,gap
FUN_291f_02c0,291f:02c0,ram,194b0,FUN_1000_94b0,exact
FUN_291f_02ce,291f:02ce,ram,194be,FUN_1000_94be,exact
FUN_291f_02dc,291f:02dc,ram,194cc,FUN_1000_94cc,exact
FUN_291f_02ea,291f:02ea,ram,194da,FUN_1000_94da,exact
FUN_291f_02f8,291f:02f8,ram,194e8,FUN_1000_94e8,exact
FUN_291f_0306,291f:0306,ram,194f6,FUN_1000_94f6,exact
FUN_291f_0320,291f:0320,ram,19510,,gap
FUN_291f_032e,291f:032e,ram,1951e,,gap
FUN_291f_033c,291f:033c,ram,1952c,,gap
FUN_291f_0348,291f:0348,ram,19538,,gap
FUN_291f_0356,291f:0356,ram,19546,,gap
FUN_291f_0364,291f:0364,ram,19554,,gap
FUN_291f_03aa,291f:03aa,ram,1959a,FUN_1000_959a,exact
FUN_291f_03b8,291f:03b8,ram,195a8,,gap
FUN_291f_03c6,291f:03c6,ram,195b6,,gap
FUN_291f_03d4,291f:03d4,ram,195c4,,gap
FUN_291f_03e2,291f:03e2,ram,195d2,,gap
FUN_291f_03f0,291f:03f0,ram,195e0,,gap
FUN_291f_03fe,291f:03fe,ram,195ee,,gap
FUN_291f_040c,291f:040c,ram,195fc,,gap
FUN_291f_041a,291f:041a,ram,1960a,,gap
FUN_291f_0428,291f:0428,ram,19618,,gap
FUN_291f_0436,291f:0436,ram,19626,,gap
FUN_291f_044e,291f:044e,ram,1963e,FUN_1000_963e,exact
FUN_291f_045c,291f:045c,ram,1964c,,gap
FUN_291f_0468,291f:0468,ram,19658,FUN_1000_9658,exact
FUN_291f_0472,291f:0472,ram,19662,FUN_1000_9662,exact
FUN_291f_047e,291f:047e,ram,1966e,FUN_1000_966e,exact
FUN_291f_048a,291f:048a,ram,1967a,FUN_1000_967a,exact
FUN_291f_0496,291f:0496,ram,19686,FUN_1000_9686,exact
FUN_291f_04a2,291f:04a2,ram,19692,FUN_1000_9692,exact
FUN_291f_04ba,291f:04ba,ram,196aa,FUN_1000_96aa,exact
FUN_291f_04d4,291f:04d4,ram,196c4,FUN_1000_96c4,exact
FUN_291f_04e0,291f:04e0,ram,196d0,FUN_1000_96d0,exact
FUN_291f_04ec,291f:04ec,ram,196dc,FUN_1000_96dc,exact
FUN_291f_0504,291f:0504,ram,196f4,FUN_1000_96f4,exact
FUN_291f_0510,291f:0510,ram,19700,FUN_1000_9700,exact
FUN_291f_051c,291f:051c,ram,1970c,FUN_1000_970c,exact
FUN_291f_0534,291f:0534,ram,19724,FUN_1000_9724,exact
FUN_291f_0540,291f:0540,ram,19730,FUN_1000_9730,exact
FUN_291f_054c,291f:054c,ram,1973c,FUN_1000_973c,exact
FUN_291f_0558,291f:0558,ram,19748,FUN_1000_9748,exact
FUN_291f_0564,291f:0564,ram,19754,FUN_1000_9754,exact
FUN_291f_057c,291f:057c,ram,1976c,FUN_1000_976c,exact
FUN_291f_0594,291f:0594,ram,19784,FUN_1000_9784,exact
FUN_291f_05a0,291f:05a0,ram,19790,FUN_1000_9790,exact
FUN_291f_05ac,291f:05ac,ram,1979c,FUN_1000_979c,exact
FUN_291f_05b8,291f:05b8,ram,197a8,FUN_1000_97a8,exact
FUN_291f_05c4,291f:05c4,ram,197b4,FUN_1000_97b4,exact
FUN_291f_05d0,291f:05d0,ram,197c0,FUN_1000_97c0,exact
FUN_291f_05dc,291f:05dc,ram,197cc,FUN_1000_97cc,exact
FUN_291f_05e8,291f:05e8,ram,197d8,FUN_1000_97d8,exact
FUN_291f_05f4,291f:05f4,ram,197e4,FUN_1000_97e4,exact
FUN_291f_0600,291f:0600,ram,197f0,FUN_1000_97f0,exact
FUN_291f_060c,291f:060c,ram,197fc,FUN_1000_97fc,exact
FUN_291f_0618,291f:0618,ram,19808,FUN_1000_9808,exact
FUN_291f_0630,291f:0630,ram,19820,FUN_1000_9820,exact
FUN_291f_0648,291f:0648,ram,19838,FUN_1000_9838,exact
FUN_291f_0654,291f:0654,ram,19844,FUN_1000_9844,exact
FUN_291f_0660,291f:0660,ram,19850,FUN_1000_9850,exact
FUN_291f_066c,291f:066c,ram,1985c,FUN_1000_985c,exact
FUN_291f_0678,291f:0678,ram,19868,FUN_1000_9868,exact
FUN_291f_0684,291f:0684,ram,19874,FUN_1000_9874,exact
FUN_291f_0690,291f:0690,ram,19880,FUN_1000_9880,exact
FUN_291f_069c,291f:069c,ram,1988c,FUN_1000_988c,exact
FUN_291f_06b4,291f:06b4,ram,198a4,FUN_1000_98a4,exact
FUN_291f_06c0,291f:06c0,ram,198b0,FUN_1000_98b0,exact
FUN_291f_06cc,291f:06cc,ram,198bc,FUN_1000_98bc,exact
FUN_291f_06d8,291f:06d8,ram,198c8,FUN_1000_98c8,exact
FUN_291f_06e4,291f:06e4,ram,198d4,FUN_1000_98d4,exact
FUN_291f_06f0,291f:06f0,ram,198e0,FUN_1000_98e0,exact
FUN_291f_0708,291f:0708,ram,198f8,FUN_1000_98f8,exact
FUN_291f_0714,291f:0714,ram,19904,FUN_1000_9904,exact
FUN_291f_0720,291f:0720,ram,19910,FUN_1000_9910,exact
FUN_291f_072c,291f:072c,ram,1991c,FUN_1000_991c,exact
FUN_291f_0738,291f:0738,ram,19928,FUN_1000_9928,exact
FUN_291f_0744,291f:0744,ram,19934,FUN_1000_9934,exact
FUN_291f_0750,291f:0750,ram,19940,FUN_1000_9940,exact
FUN_291f_075c,291f:075c,ram,1994c,FUN_1000_994c,exact
FUN_291f_0768,291f:0768,ram,19958,FUN_1000_9958,exact
FUN_291f_0774,291f:0774,ram,19964,FUN_1000_9964,exact
FUN_291f_078c,291f:078c,ram,1997c,FUN_1000_997c,exact
FUN_291f_0798,291f:0798,ram,19988,FUN_1000_9988,exact
FUN_291f_07b0,291f:07b0,ram,199a0,FUN_1000_99a0,exact
FUN_291f_07bc,291f:07bc,ram,199ac,FUN_1000_99ac,exact
FUN_291f_07c8,291f:07c8,ram,199b8,FUN_1000_99b8,exact
FUN_291f_07d4,291f:07d4,ram,199c4,FUN_1000_99c4,exact
FUN_291f_07ec,291f:07ec,ram,199dc,FUN_1000_99dc,exact
FUN_291f_07f8,291f:07f8,ram,199e8,FUN_1000_99e8,exact
FUN_291f_0804,291f:0804,ram,199f4,FUN_1000_99f4,exact
FUN_291f_081c,291f:081c,ram,19a0c,FUN_1000_9a0c,exact
FUN_291f_0828,291f:0828,ram,19a18,FUN_1000_9a18,exact
FUN_291f_0834,291f:0834,ram,19a24,FUN_1000_9a24,exact
FUN_291f_0840,291f:0840,ram,19a30,FUN_1000_9a30,exact
FUN_291f_0858,291f:0858,ram,19a48,FUN_1000_9a48,exact
FUN_291f_0864,291f:0864,ram,19a54,FUN_1000_9a54,exact
FUN_291f_0870,291f:0870,ram,19a60,FUN_1000_9a60,exact
FUN_291f_087a,291f:087a,ram,19a6a,FUN_1000_9a6a,exact
FUN_291f_0888,291f:0888,ram,19a78,,gap
FUN_291f_0896,291f:0896,ram,19a86,,gap
FUN_291f_08a4,291f:08a4,ram,19a94,,gap
FUN_291f_08b2,291f:08b2,ram,19aa2,,gap
FUN_291f_08bc,291f:08bc,ram,19aac,,gap
FUN_291f_08c6,291f:08c6,ram,19ab6,,gap
FUN_291f_08d2,291f:08d2,ram,19ac2,,gap
FUN_291f_08de,291f:08de,ram,19ace,,gap
FUN_291f_08ec,291f:08ec,ram,19adc,,gap
FUN_291f_08f8,291f:08f8,ram,19ae8,,gap
FUN_291f_0902,291f:0902,ram,19af2,FUN_1000_9af2,exact
FUN_291f_0910,291f:0910,ram,19b00,,gap
FUN_291f_091c,291f:091c,ram,19b0c,,gap
FUN_291f_0928,291f:0928,ram,19b18,,gap
FUN_291f_0934,291f:0934,ram,19b24,FUN_1000_9b24,exact
FUN_291f_0942,291f:0942,ram,19b32,,gap
FUN_291f_0950,291f:0950,ram,19b40,,gap
FUN_291f_095e,291f:095e,ram,19b4e,FUN_1000_9b4e,exact
FUN_291f_096c,291f:096c,ram,19b5c,,gap
FUN_291f_097a,291f:097a,ram,19b6a,,gap
FUN_291f_0988,291f:0988,ram,19b78,FUN_1000_9b78,exact
FUN_291f_0996,291f:0996,ram,19b86,FUN_1000_9b86,exact
FUN_291f_09a4,291f:09a4,ram,19b94,FUN_1000_9b94,exact
FUN_291f_09b2,291f:09b2,ram,19ba2,FUN_1000_9ba2,exact
FUN_291f_09c0,291f:09c0,ram,19bb0,FUN_1000_9bb0,exact
FUN_291f_09ce,291f:09ce,ram,19bbe,FUN_1000_9bbe,exact
FUN_291f_09dc,291f:09dc,ram,19bcc,FUN_1000_9bcc,exact
FUN_291f_09ea,291f:09ea,ram,19bda,FUN_1000_9bda,exact
FUN_291f_09f8,291f:09f8,ram,19be8,FUN_1000_9be8,exact
FUN_291f_0a06,291f:0a06,ram,19bf6,,gap
FUN_291f_0a14,291f:0a14,ram,19c04,,gap
FUN_291f_0a20,291f:0a20,ram,19c10,,gap
FUN_291f_0a2e,291f:0a2e,ram,19c1e,,gap
FUN_291f_0a3c,291f:0a3c,ram,19c2c,FUN_1000_9c2c,exact
FUN_291f_0a4a,291f:0a4a,ram,19c3a,FUN_1000_9c3a,exact
FUN_291f_0a58,291f:0a58,ram,19c48,FUN_1000_9c48,exact
FUN_291f_0a66,291f:0a66,ram,19c56,,gap
FUN_291f_0a74,291f:0a74,ram,19c64,,gap
FUN_291f_0a82,291f:0a82,ram,19c72,,gap
FUN_291f_0a90,291f:0a90,ram,19c80,FUN_1000_9c80,exact
FUN_291f_0a9e,291f:0a9e,ram,19c8e,FUN_1000_9c8e,exact
FUN_291f_0aac,291f:0aac,ram,19c9c,,gap
FUN_291f_0aba,291f:0aba,ram,19caa,FUN_1000_9caa,exact
FUN_291f_0ac8,291f:0ac8,ram,19cb8,,gap
FUN_291f_0ad4,291f:0ad4,ram,19cc4,,gap
FUN_291f_0ae0,291f:0ae0,ram,19cd0,,gap
FUN_291f_0aee,291f:0aee,ram,19cde,FUN_1000_9cde,exact
FUN_291f_0afc,291f:0afc,ram,19cec,FUN_1000_9cec,exact
FUN_291f_0b0a,291f:0b0a,ram,19cfa,FUN_1000_9cfa,exact
FUN_291f_0b18,291f:0b18,ram,19d08,FUN_1000_9d08,exact
FUN_291f_0b26,291f:0b26,ram,19d16,FUN_1000_9d16,exact
FUN_291f_0b34,291f:0b34,ram,19d24,FUN_1000_9d24,exact
FUN_291f_0b42,291f:0b42,ram,19d32,FUN_1000_9d32,exact
FUN_291f_0b50,291f:0b50,ram,19d40,FUN_1000_9d40,exact
FUN_291f_0b5e,291f:0b5e,ram,19d4e,FUN_1000_9d4e,exact
FUN_291f_0b6c,291f:0b6c,ram,19d5c,FUN_1000_9d5c,exact
FUN_291f_0b7a,291f:0b7a,ram,19d6a,FUN_1000_9d6a,exact
FUN_291f_0b88,291f:0b88,ram,19d78,FUN_1000_9d78,exact
FUN_291f_0b96,291f:0b96,ram,19d86,FUN_1000_9d86,exact
FUN_291f_0bb2,291f:0bb2,ram,19da2,FUN_1000_9da2,exact
FUN_291f_0bc0,291f:0bc0,ram,19db0,FUN_1000_9db0,exact
FUN_291f_0bdc,291f:0bdc,ram,19dcc,FUN_1000_9dcc,exact
FUN_291f_0bea,291f:0bea,ram,19dda,FUN_1000_9dda,exact
FUN_291f_0c06,291f:0c06,ram,19df6,FUN_1000_9df6,exact
FUN_291f_0c14,291f:0c14,ram,19e04,FUN_1000_9e04,exact
FUN_291f_0c22,291f:0c22,ram,19e12,FUN_1000_9e12,exact
FUN_291f_0c30,291f:0c30,ram,19e20,FUN_1000_9e20,exact
FUN_291f_0c3e,291f:0c3e,ram,19e2e,FUN_1000_9e2e,exact
FUN_291f_0c5a,291f:0c5a,ram,19e4a,FUN_1000_9e4a,exact
FUN_291f_0c68,291f:0c68,ram,19e58,FUN_1000_9e58,exact
FUN_291f_0c76,291f:0c76,ram,19e66,FUN_1000_9e66,exact
FUN_291f_0c84,291f:0c84,ram,19e74,FUN_1000_9e74,exact
FUN_291f_0ca0,291f:0ca0,ram,19e90,FUN_1000_9e90,exact
FUN_291f_0cae,291f:0cae,ram,19e9e,FUN_1000_9e9e,exact
FUN_291f_0cbc,291f:0cbc,ram,19eac,FUN_1000_9eac,exact
FUN_291f_0cca,291f:0cca,ram,19eba,FUN_1000_9eba,exact
FUN_291f_0cd8,291f:0cd8,ram,19ec8,FUN_1000_9ec8,exact
FUN_291f_0ce6,291f:0ce6,ram,19ed6,FUN_1000_9ed6,exact
FUN_291f_0d02,291f:0d02,ram,19ef2,FUN_1000_9ef2,exact
FUN_291f_0d10,291f:0d10,ram,19f00,FUN_1000_9f00,exact
FUN_291f_0d1e,291f:0d1e,ram,19f0e,FUN_1000_9f0e,exact
FUN_291f_0d2c,291f:0d2c,ram,19f1c,FUN_1000_9f1c,exact
FUN_291f_0d3a,291f:0d3a,ram,19f2a,FUN_1000_9f2a,exact
FUN_291f_0d56,291f:0d56,ram,19f46,FUN_1000_9f46,exact
FUN_291f_0d72,291f:0d72,ram,19f62,FUN_1000_9f62,exact
FUN_291f_0d80,291f:0d80,ram,19f70,FUN_1000_9f70,exact
FUN_291f_0d8e,291f:0d8e,ram,19f7e,FUN_1000_9f7e,exact
FUN_291f_0d9c,291f:0d9c,ram,19f8c,FUN_1000_9f8c,exact
FUN_291f_0daa,291f:0daa,ram,19f9a,FUN_1000_9f9a,exact
FUN_291f_0db8,291f:0db8,ram,19fa8,FUN_1000_9fa8,exact
FUN_291f_0dc6,291f:0dc6,ram,19fb6,FUN_1000_9fb6,exact
FUN_291f_0dd4,291f:0dd4,ram,19fc4,FUN_1000_9fc4,exact
FUN_291f_0de2,291f:0de2,ram,19fd2,FUN_1000_9fd2,exact
FUN_291f_0df0,291f:0df0,ram,19fe0,FUN_1000_9fe0,exact
FUN_291f_0dfe,291f:0dfe,ram,19fee,FUN_1000_9fee,exact
FUN_291f_0e0c,291f:0e0c,ram,19ffc,FUN_1000_9ffc,exact
FUN_291f_0e28,291f:0e28,ram,1a018,FUN_1000_a018,exact
FUN_291f_0e36,291f:0e36,ram,1a026,FUN_1000_a026,exact
FUN_291f_0e44,291f:0e44,ram,1a034,FUN_1000_a034,exact
FUN_291f_0e52,291f:0e52,ram,1a042,FUN_1000_a042,exact
FUN_291f_0e60,291f:0e60,ram,1a050,FUN_1000_a050,exact
FUN_291f_0e6e,291f:0e6e,ram,1a05e,FUN_1000_a05e,exact
FUN_291f_0e7c,291f:0e7c,ram,1a06c,FUN_1000_a06c,exact
FUN_291f_0e8a,291f:0e8a,ram,1a07a,FUN_1000_a07a,exact
FUN_291f_0e98,291f:0e98,ram,1a088,FUN_1000_a088,exact
FUN_291f_0eb4,291f:0eb4,ram,1a0a4,FUN_1000_a0a4,exact
FUN_291f_0ec2,291f:0ec2,ram,1a0b2,FUN_1000_a0b2,exact
FUN_291f_0ed0,291f:0ed0,ram,1a0c0,FUN_1000_a0c0,exact
FUN_291f_0eda,291f:0eda,ram,1a0ca,FUN_1000_a0ca,exact
FUN_291f_0ee8,291f:0ee8,ram,1a0d8,FUN_1000_a0d8,exact
FUN_291f_0ef6,291f:0ef6,ram,1a0e6,,gap
FUN_291f_0f04,291f:0f04,ram,1a0f4,,gap
FUN_291f_0f12,291f:0f12,ram,1a102,,gap
FUN_291f_0f20,291f:0f20,ram,1a110,,gap
FUN_291f_0f2e,291f:0f2e,ram,1a11e,,gap
FUN_291f_0f3c,291f:0f3c,ram,1a12c,,gap
FUN_291f_0f4a,291f:0f4a,ram,1a13a,,gap
FUN_291f_0f58,291f:0f58,ram,1a148,,gap
FUN_291f_0f66,291f:0f66,ram,1a156,,gap
FUN_291f_0f74,291f:0f74,ram,1a164,,gap
FUN_291f_0f82,291f:0f82,ram,1a172,,gap
FUN_291f_0f8e,291f:0f8e,ram,1a17e,FUN_1000_a17e,exact
FUN_291f_0f9c,291f:0f9c,ram,1a18c,,gap
FUN_291f_0faa,291f:0faa,ram,1a19a,,gap
FUN_291f_0fb8,291f:0fb8,ram,1a1a8,,gap
FUN_291f_0fc4,291f:0fc4,ram,1a1b4,FUN_1000_a1b4,exact
FUN_291f_0fd0,291f:0fd0,ram,1a1c0,FUN_1000_a1c0,exact
FUN_291f_0fde,291f:0fde,ram,1a1ce,FUN_1000_a1ce,exact
FUN_291f_0fec,291f:0fec,ram,1a1dc,FUN_1000_a1dc,exact
FUN_2a1f_0000,2a1f:0000,ram,1a1f0,,gap
FUN_2a1f_000e,2a1f:000e,ram,1a1fe,,gap
FUN_2a1f_001c,2a1f:001c,ram,1a20c,,gap
FUN_2a1f_002a,2a1f:002a,ram,1a21a,,gap
FUN_2a1f_0038,2a1f:0038,ram,1a228,,gap
FUN_2a1f_0046,2a1f:0046,ram,1a236,,gap
FUN_2a1f_0054,2a1f:0054,ram,1a244,,gap
FUN_2a1f_0062,2a1f:0062,ram,1a252,,gap
FUN_2a1f_0070,2a1f:0070,ram,1a260,,gap
FUN_2a1f_007e,2a1f:007e,ram,1a26e,,gap
FUN_2a1f_008c,2a1f:008c,ram,1a27c,,gap
FUN_2a1f_009a,2a1f:009a,ram,1a28a,,gap
FUN_2a1f_00a8,2a1f:00a8,ram,1a298,,gap
FUN_2a1f_00b6,2a1f:00b6,ram,1a2a6,,gap
FUN_2a1f_00c4,2a1f:00c4,ram,1a2b4,,gap
FUN_2a1f_00d2,2a1f:00d2,ram,1a2c2,,gap
FUN_2a1f_00e0,2a1f:00e0,ram,1a2d0,,gap
FUN_2a1f_00ee,2a1f:00ee,ram,1a2de,,gap
FUN_2a1f_00fc,2a1f:00fc,ram,1a2ec,,gap
FUN_2a1f_010a,2a1f:010a,ram,1a2fa,,gap
FUN_2a1f_0118,2a1f:0118,ram,1a308,,gap
FUN_2a1f_0126,2a1f:0126,ram,1a316,,gap
FUN_2a1f_0134,2a1f:0134,ram,1a324,,gap
FUN_2a1f_0142,2a1f:0142,ram,1a332,,gap
FUN_2a1f_0150,2a1f:0150,ram,1a340,,gap
FUN_2a1f_015e,2a1f:015e,ram,1a34e,,gap
FUN_2a1f_016c,2a1f:016c,ram,1a35c,FUN_1000_a35c,exact
FUN_2a1f_0178,2a1f:0178,ram,1a368,FUN_1000_a368,exact
FUN_2a1f_0186,2a1f:0186,ram,1a376,,gap
FUN_2a1f_0192,2a1f:0192,ram,1a382,FUN_1000_a382,exact
FUN_2a1f_01a0,2a1f:01a0,ram,1a390,,gap
FUN_2a1f_01ae,2a1f:01ae,ram,1a39e,,gap
FUN_2a1f_01bc,2a1f:01bc,ram,1a3ac,,gap
FUN_2a1f_01ca,2a1f:01ca,ram,1a3ba,,gap
FUN_2a1f_01d8,2a1f:01d8,ram,1a3c8,,gap
FUN_2a1f_01e6,2a1f:01e6,ram,1a3d6,,gap
FUN_2a1f_01f4,2a1f:01f4,ram,1a3e4,,gap
FUN_2a1f_0202,2a1f:0202,ram,1a3f2,FUN_1000_a3f2,exact
FUN_2a1f_0210,2a1f:0210,ram,1a400,FUN_1000_a400,exact
FUN_2a1f_021c,2a1f:021c,ram,1a40c,FUN_1000_a40c,exact
FUN_2a1f_022a,2a1f:022a,ram,1a41a,FUN_1000_a41a,exact
FUN_2a1f_0238,2a1f:0238,ram,1a428,FUN_1000_a428,exact
FUN_2a1f_0246,2a1f:0246,ram,1a436,FUN_1000_a436,exact
FUN_2a1f_0254,2a1f:0254,ram,1a444,FUN_1000_a444,exact
FUN_2a1f_0262,2a1f:0262,ram,1a452,FUN_1000_a452,exact
FUN_2a1f_0270,2a1f:0270,ram,1a460,FUN_1000_a460,exact
FUN_2a1f_027e,2a1f:027e,ram,1a46e,,gap
FUN_2a1f_028a,2a1f:028a,ram,1a47a,FUN_1000_a47a,exact
FUN_2a1f_0296,2a1f:0296,ram,1a486,FUN_1000_a486,exact
FUN_2a1f_02a2,2a1f:02a2,ram,1a492,FUN_1000_a492,exact
FUN_2a1f_02ae,2a1f:02ae,ram,1a49e,FUN_1000_a49e,exact
FUN_2a1f_02ba,2a1f:02ba,ram,1a4aa,FUN_1000_a4aa,exact
FUN_2a1f_02c6,2a1f:02c6,ram,1a4b6,FUN_1000_a4b6,exact
FUN_2a1f_02d2,2a1f:02d2,ram,1a4c2,FUN_1000_a4c2,exact
FUN_2a1f_02de,2a1f:02de,ram,1a4ce,FUN_1000_a4ce,exact
FUN_2a1f_02ea,2a1f:02ea,ram,1a4da,FUN_1000_a4da,exact
FUN_2a1f_02f6,2a1f:02f6,ram,1a4e6,FUN_1000_a4e6,exact
FUN_2a1f_0302,2a1f:0302,ram,1a4f2,FUN_1000_a4f2,exact
FUN_2a1f_030e,2a1f:030e,ram,1a4fe,FUN_1000_a4fe,exact
FUN_2a1f_031a,2a1f:031a,ram,1a50a,FUN_1000_a50a,exact
FUN_2a1f_0326,2a1f:0326,ram,1a516,FUN_1000_a516,exact
FUN_2a1f_0332,2a1f:0332,ram,1a522,FUN_1000_a522,exact
FUN_2a1f_033e,2a1f:033e,ram,1a52e,FUN_1000_a52e,exact
FUN_2a1f_034a,2a1f:034a,ram,1a53a,FUN_1000_a53a,exact
FUN_2a1f_0356,2a1f:0356,ram,1a546,FUN_1000_a546,exact
FUN_2a1f_0364,2a1f:0364,ram,1a554,FUN_1000_a554,exact
FUN_2a1f_0372,2a1f:0372,ram,1a562,,gap
FUN_2a1f_0380,2a1f:0380,ram,1a570,,gap
FUN_2a1f_038a,2a1f:038a,ram,1a57a,,gap
FUN_2a1f_0398,2a1f:0398,ram,1a588,,gap
FUN_2a1f_0434,2a1f:0434,ram,1a624,FUN_1000_a624,exact
FUN_2a1f_0440,2a1f:0440,ram,1a630,FUN_1000_a630,exact
FUN_2a1f_044c,2a1f:044c,ram,1a63c,FUN_1000_a63c,exact
FUN_2a1f_0458,2a1f:0458,ram,1a648,FUN_1000_a648,exact
FUN_2a1f_0464,2a1f:0464,ram,1a654,FUN_1000_a654,exact
FUN_2a1f_0470,2a1f:0470,ram,1a660,,gap
FUN_2a1f_047c,2a1f:047c,ram,1a66c,,gap
FUN_2a1f_0488,2a1f:0488,ram,1a678,,gap
FUN_2a1f_0494,2a1f:0494,ram,1a684,,gap
FUN_2a1f_04a0,2a1f:04a0,ram,1a690,,gap
FUN_2a1f_04ac,2a1f:04ac,ram,1a69c,,gap
FUN_2a1f_04b8,2a1f:04b8,ram,1a6a8,,gap
FUN_2a1f_04c4,2a1f:04c4,ram,1a6b4,,gap
FUN_2a1f_04d0,2a1f:04d0,ram,1a6c0,,gap
FUN_2a1f_04dc,2a1f:04dc,ram,1a6cc,,gap
FUN_2a1f_04e8,2a1f:04e8,ram,1a6d8,,gap
FUN_2a1f_04f4,2a1f:04f4,ram,1a6e4,,gap
FUN_2a1f_0500,2a1f:0500,ram,1a6f0,,gap
FUN_2a1f_050c,2a1f:050c,ram,1a6fc,,gap
FUN_2a1f_0518,2a1f:0518,ram,1a708,,gap
FUN_2a1f_0524,2a1f:0524,ram,1a714,,gap
FUN_2a1f_0530,2a1f:0530,ram,1a720,,gap
FUN_2a1f_053c,2a1f:053c,ram,1a72c,,gap
FUN_2a1f_0548,2a1f:0548,ram,1a738,,gap
FUN_2a1f_0554,2a1f:0554,ram,1a744,,gap
FUN_2a1f_0560,2a1f:0560,ram,1a750,,gap
FUN_2a1f_056c,2a1f:056c,ram,1a75c,,gap
FUN_2a1f_0578,2a1f:0578,ram,1a768,,gap
FUN_2a1f_0584,2a1f:0584,ram,1a774,,gap
FUN_2a1f_0590,2a1f:0590,ram,1a780,,gap
FUN_2a1f_059c,2a1f:059c,ram,1a78c,,gap
FUN_2a1f_05a8,2a1f:05a8,ram,1a798,FUN_1000_a798,exact
FUN_2a1f_05b4,2a1f:05b4,ram,1a7a4,,gap
FUN_2a1f_05c0,2a1f:05c0,ram,1a7b0,,gap
FUN_2a1f_05cc,2a1f:05cc,ram,1a7bc,,gap
FUN_2a1f_05d8,2a1f:05d8,ram,1a7c8,,gap
FUN_2a1f_05e4,2a1f:05e4,ram,1a7d4,,gap
FUN_2a1f_05f0,2a1f:05f0,ram,1a7e0,,gap
FUN_2a1f_05fc,2a1f:05fc,ram,1a7ec,FUN_1000_a7ec,exact
FUN_2a1f_060a,2a1f:060a,ram,1a7fa,,gap
FUN_2a1f_0618,2a1f:0618,ram,1a808,,gap
FUN_2a1f_0626,2a1f:0626,ram,1a816,,gap
FUN_2a1f_0634,2a1f:0634,ram,1a824,,gap
FUN_2a1f_0642,2a1f:0642,ram,1a832,,gap
FUN_2a1f_0650,2a1f:0650,ram,1a840,,gap
FUN_2a1f_065e,2a1f:065e,ram,1a84e,,gap
FUN_2a1f_066c,2a1f:066c,ram,1a85c,,gap
FUN_2a1f_067a,2a1f:067a,ram,1a86a,,gap
FUN_2a1f_0688,2a1f:0688,ram,1a878,,gap
FUN_2a1f_0694,2a1f:0694,ram,1a884,,gap
FUN_2a1f_06a2,2a1f:06a2,ram,1a892,FUN_1000_a892,exact
FUN_2a1f_06b0,2a1f:06b0,ram,1a8a0,FUN_1000_a8a0,exact
FUN_2a1f_06bc,2a1f:06bc,ram,1a8ac,FUN_1000_a8ac,exact
FUN_2a1f_06c8,2a1f:06c8,ram,1a8b8,FUN_1000_a8b8,exact
FUN_2a1f_06d4,2a1f:06d4,ram,1a8c4,FUN_1000_a8c4,exact
FUN_2a1f_06e0,2a1f:06e0,ram,1a8d0,FUN_1000_a8d0,exact
FUN_2a1f_06ec,2a1f:06ec,ram,1a8dc,FUN_1000_a8dc,exact
caseD_14,2a1f:06f8,ram,1a8e8,FUN_1000_a8e8,exact
FUN_2a1f_0704,2a1f:0704,ram,1a8f4,FUN_1000_a8f4,exact
FUN_2a1f_0710,2a1f:0710,ram,1a900,FUN_1000_a900,exact
FUN_2a1f_071c,2a1f:071c,ram,1a90c,,gap
FUN_2a1f_072a,2a1f:072a,ram,1a91a,,gap
FUN_2a1f_0738,2a1f:0738,ram,1a928,FUN_1000_a928,exact
FUN_2a1f_0746,2a1f:0746,ram,1a936,FUN_1000_a936,exact
FUN_2a1f_0754,2a1f:0754,ram,1a944,FUN_1000_a944,exact
FUN_2a1f_0762,2a1f:0762,ram,1a952,FUN_1000_a952,exact
FUN_2a1f_0770,2a1f:0770,ram,1a960,FUN_1000_a960,exact
FUN_2a1f_077e,2a1f:077e,ram,1a96e,FUN_1000_a96e,exact
FUN_2a1f_078c,2a1f:078c,ram,1a97c,FUN_1000_a97c,exact
FUN_2a1f_079a,2a1f:079a,ram,1a98a,FUN_1000_a98a,exact
FUN_2a1f_07a8,2a1f:07a8,ram,1a998,FUN_1000_a998,exact
FUN_2a1f_07b6,2a1f:07b6,ram,1a9a6,FUN_1000_a9a6,exact
FUN_2a1f_07c4,2a1f:07c4,ram,1a9b4,FUN_1000_a9b4,exact
FUN_2a1f_07d0,2a1f:07d0,ram,1a9c0,,gap
FUN_2a1f_07dc,2a1f:07dc,ram,1a9cc,,gap
FUN_2a1f_07ea,2a1f:07ea,ram,1a9da,FUN_1000_a9da,exact
FUN_2a1f_07f8,2a1f:07f8,ram,1a9e8,,gap
FUN_2a1f_0806,2a1f:0806,ram,1a9f6,,gap
FUN_2a1f_0814,2a1f:0814,ram,1aa04,FUN_1000_aa04,exact
FUN_2a1f_0822,2a1f:0822,ram,1aa12,FUN_1000_aa12,exact
FUN_2a1f_0830,2a1f:0830,ram,1aa20,FUN_1000_aa20,exact
FUN_2a1f_083e,2a1f:083e,ram,1aa2e,FUN_1000_aa2e,exact
FUN_2a1f_084c,2a1f:084c,ram,1aa3c,FUN_1000_aa3c,exact
FUN_2a1f_085a,2a1f:085a,ram,1aa4a,FUN_1000_aa4a,exact
FUN_2a1f_0868,2a1f:0868,ram,1aa58,FUN_1000_aa58,exact
FUN_2a1f_0872,2a1f:0872,ram,1aa62,FUN_1000_aa62,exact
FUN_2a1f_087c,2a1f:087c,ram,1aa6c,FUN_1000_aa6c,exact
FUN_2a1f_088a,2a1f:088a,ram,1aa7a,,gap
FUN_2a1f_0896,2a1f:0896,ram,1aa86,,gap
FUN_2a1f_08a4,2a1f:08a4,ram,1aa94,,gap
FUN_2a1f_08b2,2a1f:08b2,ram,1aaa2,,gap
FUN_2a1f_08c0,2a1f:08c0,ram,1aab0,,gap
FUN_2a1f_08ce,2a1f:08ce,ram,1aabe,,gap
FUN_2a1f_08dc,2a1f:08dc,ram,1aacc,,gap
FUN_2a1f_08ea,2a1f:08ea,ram,1aada,,gap
FUN_2a1f_08f8,2a1f:08f8,ram,1aae8,,gap
FUN_2a1f_0906,2a1f:0906,ram,1aaf6,,gap
FUN_2a1f_0914,2a1f:0914,ram,1ab04,,gap
FUN_2a1f_0922,2a1f:0922,ram,1ab12,FUN_1000_ab12,exact
FUN_2a1f_0930,2a1f:0930,ram,1ab20,,gap
FUN_2a1f_093e,2a1f:093e,ram,1ab2e,,gap
FUN_2a1f_094c,2a1f:094c,ram,1ab3c,,gap
FUN_2a1f_095a,2a1f:095a,ram,1ab4a,,gap
FUN_2a1f_0968,2a1f:0968,ram,1ab58,,gap
FUN_2a1f_0976,2a1f:0976,ram,1ab66,,gap
FUN_2a1f_0984,2a1f:0984,ram,1ab74,,gap
FUN_2a1f_098e,2a1f:098e,ram,1ab7e,,gap
FUN_2a1f_0998,2a1f:0998,ram,1ab88,FUN_1000_ab88,exact
FUN_2a1f_09c2,2a1f:09c2,ram,1abb2,,gap
FUN_2a1f_09d0,2a1f:09d0,ram,1abc0,,gap
FUN_2a1f_09de,2a1f:09de,ram,1abce,,gap
FUN_2a1f_09ec,2a1f:09ec,ram,1abdc,,gap
FUN_2a1f_09fa,2a1f:09fa,ram,1abea,,gap
FUN_2a1f_0a08,2a1f:0a08,ram,1abf8,,gap
FUN_2a1f_0a16,2a1f:0a16,ram,1ac06,,gap
FUN_2a1f_0a24,2a1f:0a24,ram,1ac14,,gap
FUN_2a1f_0a32,2a1f:0a32,ram,1ac22,,gap
FUN_2a1f_0a40,2a1f:0a40,ram,1ac30,,gap
FUN_2a1f_0a4e,2a1f:0a4e,ram,1ac3e,,gap
FUN_2a1f_0a5c,2a1f:0a5c,ram,1ac4c,,gap
FUN_2a1f_0a6a,2a1f:0a6a,ram,1ac5a,FUN_1000_ac5a,exact
FUN_2a1f_0a78,2a1f:0a78,ram,1ac68,,gap
FUN_2a1f_0a86,2a1f:0a86,ram,1ac76,FUN_1000_ac76,exact
FUN_2a1f_0a94,2a1f:0a94,ram,1ac84,FUN_1000_ac84,exact
FUN_2a1f_0a9e,2a1f:0a9e,ram,1ac8e,FUN_1000_ac8e,exact
FUN_2a1f_0aaa,2a1f:0aaa,ram,1ac9a,,gap
FUN_2a1f_0ab6,2a1f:0ab6,ram,1aca6,,gap
FUN_2a1f_0ac2,2a1f:0ac2,ram,1acb2,,gap
FUN_2a1f_0ace,2a1f:0ace,ram,1acbe,,gap
FUN_2a1f_0ada,2a1f:0ada,ram,1acca,FUN_1000_acc9,contained
FUN_2a1f_0af2,2a1f:0af2,ram,1ace2,FUN_1000_acc9,contained
FUN_2a1f_0afe,2a1f:0afe,ram,1acee,FUN_1000_acc9,contained
FUN_2a1f_0b0a,2a1f:0b0a,ram,1acfa,FUN_1000_acc9,contained
FUN_2a1f_0b16,2a1f:0b16,ram,1ad06,FUN_1000_ad02,contained
FUN_2a1f_0b22,2a1f:0b22,ram,1ad12,FUN_1000_ad12,exact
FUN_2a1f_0b2e,2a1f:0b2e,ram,1ad1e,FUN_1000_ad1e,exact
FUN_2a1f_0b3a,2a1f:0b3a,ram,1ad2a,FUN_1000_ad2a,exact
FUN_2a1f_0b44,2a1f:0b44,ram,1ad34,FUN_1000_ad34,exact
FUN_2a1f_0b4e,2a1f:0b4e,ram,1ad3e,FUN_1000_ad3e,exact
FUN_2a1f_0b58,2a1f:0b58,ram,1ad48,FUN_1000_ad48,exact
FUN_2a1f_0b66,2a1f:0b66,ram,1ad56,FUN_1000_ad56,exact
FUN_2a1f_0b74,2a1f:0b74,ram,1ad64,FUN_1000_ad64,exact
FUN_2a1f_0b82,2a1f:0b82,ram,1ad72,FUN_1000_ad72,exact
FUN_2a1f_0b90,2a1f:0b90,ram,1ad80,FUN_1000_ad80,exact
FUN_2a1f_0b9e,2a1f:0b9e,ram,1ad8e,FUN_1000_ad8e,exact
FUN_2a1f_0bac,2a1f:0bac,ram,1ad9c,FUN_1000_ad9c,exact
FUN_2a1f_0bba,2a1f:0bba,ram,1adaa,FUN_1000_adaa,exact
FUN_2a1f_0bc8,2a1f:0bc8,ram,1adb8,FUN_1000_adb8,exact
FUN_2a1f_0bd6,2a1f:0bd6,ram,1adc6,FUN_1000_adc6,exact
FUN_2a1f_0be4,2a1f:0be4,ram,1add4,FUN_1000_add4,exact
FUN_2a1f_0bf2,2a1f:0bf2,ram,1ade2,FUN_1000_ade2,exact
FUN_2a1f_0c00,2a1f:0c00,ram,1adf0,FUN_1000_adf0,exact
FUN_2a1f_0c1c,2a1f:0c1c,ram,1ae0c,FUN_1000_ae0c,exact
FUN_2a1f_0c2a,2a1f:0c2a,ram,1ae1a,FUN_1000_ae1a,exact
FUN_2a1f_0c38,2a1f:0c38,ram,1ae28,FUN_1000_ae28,exact
FUN_2a1f_0c46,2a1f:0c46,ram,1ae36,,gap
FUN_2a1f_0c50,2a1f:0c50,ram,1ae40,FUN_1000_ae40,exact
FUN_2a1f_0c64,2a1f:0c64,ram,1ae54,FUN_1000_ae54,exact
FUN_2a1f_0c72,2a1f:0c72,ram,1ae62,FUN_1000_ae62,exact
FUN_2a1f_0c80,2a1f:0c80,ram,1ae70,FUN_1000_ae70,exact
FUN_2a1f_0c8e,2a1f:0c8e,ram,1ae7e,FUN_1000_ae7e,exact
FUN_2a1f_0c9c,2a1f:0c9c,ram,1ae8c,FUN_1000_ae8c,exact
FUN_2a1f_0caa,2a1f:0caa,ram,1ae9a,FUN_1000_ae9a,exact
FUN_2a1f_0cb4,2a1f:0cb4,ram,1aea4,FUN_1000_aea4,exact
FUN_2a1f_0cbe,2a1f:0cbe,ram,1aeae,FUN_1000_aeae,exact
FUN_2a1f_0ccc,2a1f:0ccc,ram,1aebc,FUN_1000_aebc,exact
FUN_2a1f_0cda,2a1f:0cda,ram,1aeca,FUN_1000_aeca,exact
FUN_2a1f_0ce8,2a1f:0ce8,ram,1aed8,,gap
FUN_2a1f_0cf6,2a1f:0cf6,ram,1aee6,,gap
FUN_2a1f_0d04,2a1f:0d04,ram,1aef4,,gap
FUN_2a1f_0d12,2a1f:0d12,ram,1af02,,gap
FUN_2a1f_0d20,2a1f:0d20,ram,1af10,,gap
FUN_2a1f_0d2e,2a1f:0d2e,ram,1af1e,,gap
FUN_2a1f_0d3c,2a1f:0d3c,ram,1af2c,,gap
FUN_2a1f_0d4a,2a1f:0d4a,ram,1af3a,,gap
FUN_2a1f_0d58,2a1f:0d58,ram,1af48,,gap
FUN_2a1f_0d66,2a1f:0d66,ram,1af56,,gap
FUN_2a1f_0d74,2a1f:0d74,ram,1af64,,gap
FUN_2a1f_0d82,2a1f:0d82,ram,1af72,,gap
FUN_2a1f_0d90,2a1f:0d90,ram,1af80,,gap
FUN_2a1f_0d9e,2a1f:0d9e,ram,1af8e,,gap
FUN_2a1f_0dac,2a1f:0dac,ram,1af9c,,gap
FUN_2a1f_0dba,2a1f:0dba,ram,1afaa,,gap
FUN_2a1f_0dc8,2a1f:0dc8,ram,1afb8,,gap
FUN_2a1f_0dd6,2a1f:0dd6,ram,1afc6,,gap
FUN_2a1f_0de4,2a1f:0de4,ram,1afd4,,gap
FUN_2a1f_0dee,2a1f:0dee,ram,1afde,FUN_1000_afde,exact
FUN_2a1f_0df8,2a1f:0df8,ram,1afe8,FUN_1000_afe8,exact
FUN_2a1f_0e02,2a1f:0e02,ram,1aff2,FUN_1000_aff2,exact
FUN_2a1f_0e10,2a1f:0e10,ram,1b000,,gap
FUN_2a1f_0e1e,2a1f:0e1e,ram,1b00e,FUN_1000_b00e,exact
FUN_2a1f_0e28,2a1f:0e28,ram,1b018,FUN_1000_b018,exact
FUN_2a1f_0e36,2a1f:0e36,ram,1b026,,gap
FUN_2a1f_0e40,2a1f:0e40,ram,1b030,FUN_1000_b030,exact
FUN_2a1f_0e4e,2a1f:0e4e,ram,1b03e,,gap
FUN_2a1f_0e5c,2a1f:0e5c,ram,1b04c,FUN_1000_b04c,exact
FUN_2a1f_0e6a,2a1f:0e6a,ram,1b05a,FUN_1000_b05a,exact
FUN_2a1f_0e78,2a1f:0e78,ram,1b068,FUN_1000_b068,exact
FUN_2a1f_0e82,2a1f:0e82,ram,1b072,FUN_1000_b072,exact
FUN_2a1f_0e90,2a1f:0e90,ram,1b080,FUN_1000_b080,exact
FUN_2a1f_0e9e,2a1f:0e9e,ram,1b08e,FUN_1000_b080,contained
FUN_2a1f_0eac,2a1f:0eac,ram,1b09c,FUN_1000_b09c,exact
FUN_2a1f_0eba,2a1f:0eba,ram,1b0aa,FUN_1000_b0aa,exact
FUN_2a1f_0ec8,2a1f:0ec8,ram,1b0b8,,gap
FUN_2a1f_0ed6,2a1f:0ed6,ram,1b0c6,,gap
FUN_2a1f_0ee4,2a1f:0ee4,ram,1b0d4,,gap
FUN_2a1f_0f1a,2a1f:0f1a,ram,1b10a,FUN_1000_b10a,exact
FUN_2a1f_0f26,2a1f:0f26,ram,1b116,,gap
FUN_2a1f_0f30,2a1f:0f30,ram,1b120,FUN_1000_b120,exact
FUN_2a1f_0f3e,2a1f:0f3e,ram,1b12e,,gap
FUN_2a1f_0f4c,2a1f:0f4c,ram,1b13c,,gap
FUN_2a1f_0f56,2a1f:0f56,ram,1b146,FUN_1000_b146,exact
FUN_2a1f_0f60,2a1f:0f60,ram,1b150,FUN_1000_b150,exact
FUN_2a1f_0f6a,2a1f:0f6a,ram,1b15a,FUN_1000_b15a,exact
FUN_2a1f_0f74,2a1f:0f74,ram,1b164,FUN_1000_b164,exact
FUN_2a1f_0f7e,2a1f:0f7e,ram,1b16e,FUN_1000_b16e,exact
FUN_2a1f_0f8c,2a1f:0f8c,ram,1b17c,,gap
FUN_2a1f_0f96,2a1f:0f96,ram,1b186,FUN_1000_b186,exact
FUN_2a1f_0fa0,2a1f:0fa0,ram,1b190,FUN_1000_b190,exact
FUN_2a1f_0fae,2a1f:0fae,ram,1b19e,,gap
FUN_2a1f_0fbc,2a1f:0fbc,ram,1b1ac,,gap
FUN_2a1f_0fc6,2a1f:0fc6,ram,1b1b6,,gap
FUN_2a1f_0fd4,2a1f:0fd4,ram,1b1c4,FUN_1000_b1c4,exact
FUN_2a1f_0fde,2a1f:0fde,ram,1b1ce,FUN_1000_b1ce,exact
FUN_2a1f_0fe8,2a1f:0fe8,ram,1b1d8,FUN_1000_b1d8,exact
caseD_0,2b22:0255,ram,1b475,,gap
FUN_2b5a_0000,2b5a:0000,OVL02_L0000,0,,before-first-function
FUN_2b5a_001e,2b5a:001e,OVL02_L0000,1e,,before-first-function
FUN_2b5a_0070,2b5a:0070,OVL02_L0000,70,FUN_OVL02_L0000__000070,exact
FUN_2b5a_0722,2b5a:0722,OVL02_L0000,722,,gap
FUN_2b5a_0902,2b5a:0902,OVL02_L0000,902,,gap
FUN_2b5a_0b08,2b5a:0b08,OVL02_L0000,b08,,gap
FUN_2b5a_0b34,2b5a:0b34,OVL02_L0000,b34,,gap
FUN_2b5a_0e52,2b5a:0e52,OVL02_L0000,e52,,gap
FUN_2b5a_0f92,2b5a:0f92,OVL02_L0000,f92,,gap
FUN_2b5a_1112,2b5a:1112,OVL02_L0000,1112,,gap
FUN_2b5a_123e,2b5a:123e,OVL02_L0000,123e,,gap
FUN_2b5a_1454,2b5a:1454,OVL02_L0000,1454,,gap
FUN_2b5a_199e,2b5a:199e,OVL02_L0000,199e,,gap
FUN_2b5a_1b5a,2b5a:1b5a,OVL02_L0000,1b5a,,gap
FUN_2b5a_1dfc,2b5a:1dfc,OVL02_L0000,1dfc,,gap
FUN_2b5a_1e66,2b5a:1e66,OVL02_L0000,1e66,,gap
FUN_2b5a_1f36,2b5a:1f36,OVL02_L0000,1f36,,gap
FUN_2b5a_1fc0,2b5a:1fc0,OVL02_L0000,1fc0,,gap
FUN_2b5a_20f6,2b5a:20f6,OVL02_L0000,20f6,,gap
FUN_2b5a_223a,2b5a:223a,OVL02_L0000,223a,,gap
FUN_2b5a_23ce,2b5a:23ce,OVL02_L0000,23ce,,gap
FUN_2b5a_2464,2b5a:2464,OVL02_L0000,2464,,gap
FUN_2b5a_268c,2b5a:268c,OVL02_L0000,268c,,gap
FUN_2b5a_26f6,2b5a:26f6,OVL02_L0000,26f6,,gap
caseD_0,2b5a:27eb,OVL02_L0000,27eb,,gap
FUN_2b5a_2866,2b5a:2866,OVL02_L0000,2866,,gap
FUN_2b5a_2ee8,2b5a:2ee8,OVL02_L0000,2ee8,,gap
FUN_2b5a_3036,2b5a:3036,OVL02_L0000,3036,,gap
FUN_2b5a_303c,2b5a:303c,OVL02_L0000,303c,,gap
FUN_2b5a_3094,2b5a:3094,OVL02_L0000,3094,,gap
FUN_2b5a_30ce,2b5a:30ce,OVL02_L0000,30ce,,gap
FUN_2b5a_3104,2b5a:3104,OVL02_L0000,3104,,gap
FUN_2b5a_311c,2b5a:311c,OVL02_L0000,311c,,gap
FUN_2b5a_313e,2b5a:313e,OVL02_L0000,313e,,gap
FUN_2b5a_3145,2b5a:3145,OVL02_L0000,3145,,gap
FUN_2b5a_3154,2b5a:3154,OVL02_L0000,3154,,gap
FUN_2b5a_316e,2b5a:316e,OVL02_L0000,316e,,gap
FUN_2b5a_3188,2b5a:3188,OVL02_L0000,3188,,gap
FUN_2b5a_3194,2b5a:3194,OVL02_L0000,3194,,gap
FUN_2b5a_31be,2b5a:31be,OVL02_L0000,31be,,gap
FUN_2b5a_321c,2b5a:321c,OVL02_L0000,321c,,gap
default,2b5a:3232,OVL02_L0000,3232,,gap
FUN_2b5a_3252,2b5a:3252,OVL02_L0000,3252,,gap
FUN_2b5a_32a2,2b5a:32a2,OVL02_L0000,32a2,,gap
FUN_2b5a_32ee,2b5a:32ee,OVL02_L0000,32ee,,gap
FUN_2b5a_3344,2b5a:3344,OVL02_L0000,3344,,gap
FUN_2b5a_33ce,2b5a:33ce,OVL02_L0000,33ce,,gap
FUN_2b5a_3442,2b5a:3442,OVL02_L0000,3442,,gap
FUN_2b5a_3458,2b5a:3458,OVL02_L0000,3458,,gap
FUN_2b5a_3462,2b5a:3462,OVL02_L0000,3462,,gap
FUN_2b5a_36e6,2b5a:36e6,OVL02_L0000,36e6,,gap
FUN_2b5a_3752,2b5a:3752,OVL02_L0000,3752,,gap
FUN_2b5a_37b2,2b5a:37b2,OVL02_L0000,37b2,,gap
FUN_2b5a_3802,2b5a:3802,OVL02_L0000,3802,,gap
FUN_2b5a_3ae6,2b5a:3ae6,OVL02_L0000,3ae6,,gap
FUN_2b5a_3b68,2b5a:3b68,OVL02_L0000,3b68,,gap
thunk_FUN_281f_0f24,2b5a:3c48,OVL02_L0000,3c48,thunk_FUN_1000_9114,exact
thunk_FUN_281f_0f30,2b5a:3c4d,OVL02_L0000,3c4d,thunk_FUN_1000_9120,exact
thunk_FUN_281f_0f54,2b5a:3c57,OVL02_L0000,3c57,thunk_FUN_1000_9144,exact
thunk_FUN_281f_0f78,2b5a:3c61,OVL02_L0000,3c61,thunk_FUN_1000_9168,exact
thunk_FUN_281f_0f90,2b5a:3c6b,OVL02_L0000,3c6b,thunk_FUN_1000_9180,exact
thunk_FUN_281f_0f9c,2b5a:3c70,OVL02_L0000,3c70,thunk_FUN_1000_918c,exact
thunk_FUN_281f_0fa8,2b5a:3c75,OVL02_L0000,3c75,thunk_FUN_1000_9198,exact
thunk_FUN_281f_0fcc,2b5a:3c84,OVL02_L0000,3c84,thunk_FUN_1000_91bc,exact
thunk_FUN_281f_0ff0,2b5a:3c93,OVL02_L0000,3c93,thunk_FUN_1000_91e0,exact
thunk_FUN_291f_0018,2b5a:3ca2,OVL02_L0000,3ca2,thunk_FUN_1000_9208,exact
thunk_FUN_291f_0030,2b5a:3cac,OVL02_L0000,3cac,thunk_FUN_1000_9220,exact
thunk_FUN_291f_0048,2b5a:3cb6,OVL02_L0000,3cb6,thunk_FUN_1000_9238,exact
thunk_FUN_291f_006c,2b5a:3cc5,OVL02_L0000,3cc5,thunk_FUN_1000_925c,exact
thunk_FUN_291f_0078,2b5a:3cca,OVL02_L0000,3cca,thunk_FUN_1000_9268,exact
thunk_FUN_291f_0084,2b5a:3ccf,OVL02_L0000,3ccf,thunk_FUN_1000_9274,exact
thunk_FUN_291f_0090,2b5a:3cd4,OVL02_L0000,3cd4,thunk_FUN_1000_9280,exact
thunk_FUN_291f_00a8,2b5a:3cde,OVL02_L0000,3cde,thunk_FUN_1000_9298,exact
thunk_FUN_291f_00c0,2b5a:3ce8,OVL02_L0000,3ce8,thunk_FUN_1000_92b0,exact
thunk_FUN_291f_00cc,2b5a:3ced,OVL02_L0000,3ced,thunk_FUN_1000_92bc,exact
thunk_FUN_291f_00e4,2b5a:3cf7,OVL02_L0000,3cf7,thunk_FUN_1000_92d4,exact
thunk_FUN_291f_00f0,2b5a:3cfc,OVL02_L0000,3cfc,thunk_FUN_1000_92e0,exact
thunk_FUN_291f_0108,2b5a:3d06,OVL02_L0000,3d06,thunk_FUN_1000_92f8,exact
FUN_2f2b_011e,2f2b:011e,OVL03_L0000,11e,,before-first-function
FUN_2f2b_0332,2f2b:0332,OVL03_L0000,332,,before-first-function
FUN_2f2b_0434,2f2b:0434,OVL03_L0000,434,,before-first-function
FUN_2f2b_05b0,2f2b:05b0,OVL03_L0000,5b0,,before-first-function
FUN_2f2b_05b6,2f2b:05b6,OVL03_L0000,5b6,,before-first-function
FUN_2f2b_05ee,2f2b:05ee,OVL03_L0000,5ee,,before-first-function
FUN_2f2b_0722,2f2b:0722,OVL03_L0000,722,,before-first-function
FUN_2f2b_0842,2f2b:0842,OVL03_L0000,842,,before-first-function
FUN_2f2b_0a3e,2f2b:0a3e,OVL03_L0000,a3e,,before-first-function
FUN_2f2b_0a74,2f2b:0a74,OVL03_L0000,a74,,before-first-function
FUN_2f2b_0ba8,2f2b:0ba8,OVL03_L0000,ba8,,before-first-function
FUN_2f2b_0d89,2f2b:0d89,OVL03_L0000,d89,,before-first-function
FUN_2f2b_0fce,2f2b:0fce,OVL03_L0000,fce,,before-first-function
FUN_2f2b_11b2,2f2b:11b2,OVL03_L0000,11b2,,before-first-function
FUN_2f2b_12cc,2f2b:12cc,OVL03_L0000,12cc,,before-first-function
FUN_2f2b_13c2,2f2b:13c2,OVL03_L0000,13c2,,before-first-function
FUN_2f2b_14d4,2f2b:14d4,OVL03_L0000,14d4,,before-first-function
FUN_2f2b_16f2,2f2b:16f2,OVL03_L0000,16f2,,before-first-function
FUN_2f2b_171c,2f2b:171c,OVL03_L0000,171c,,before-first-function
FUN_2f2b_17d0,2f2b:17d0,OVL03_L0000,17d0,,before-first-function
FUN_2f2b_1cce,2f2b:1cce,OVL03_L0000,1cce,,before-first-function
FUN_2f2b_1e46,2f2b:1e46,OVL03_L0000,1e46,,before-first-function
FUN_2f2b_2054,2f2b:2054,OVL03_L0000,2054,,before-first-function
FUN_2f2b_208c,2f2b:208c,OVL03_L0000,208c,,before-first-function
FUN_2f2b_21da,2f2b:21da,OVL03_L0000,21da,,before-first-function
FUN_2f2b_2262,2f2b:2262,OVL03_L0000,2262,,before-first-function
FUN_2f2b_22b6,2f2b:22b6,OVL03_L0000,22b6,,before-first-function
FUN_2f2b_2484,2f2b:2484,OVL03_L0000,2484,,before-first-function
FUN_2f2b_24b2,2f2b:24b2,OVL03_L0000,24b2,,before-first-function
FUN_2f2b_284c,2f2b:284c,OVL03_L0000,284c,,before-first-function
FUN_2f2b_289e,2f2b:289e,OVL03_L0000,289e,,before-first-function
FUN_2f2b_28d6,2f2b:28d6,OVL03_L0000,28d6,,before-first-function
FUN_2f2b_2b2c,2f2b:2b2c,OVL03_L0000,2b2c,,before-first-function
FUN_2f2b_2b66,2f2b:2b66,OVL03_L0000,2b66,,before-first-function
FUN_2f2b_2c3c,2f2b:2c3c,OVL03_L0000,2c3c,,before-first-function
caseD_b,2f2b:2c50,OVL03_L0000,2c50,,before-first-function
FUN_2f2b_2c92,2f2b:2c92,OVL03_L0000,2c92,,before-first-function
FUN_2f2b_2d0e,2f2b:2d0e,OVL03_L0000,2d0e,,before-first-function
FUN_2f2b_2d1c,2f2b:2d1c,OVL03_L0000,2d1c,,before-first-function
FUN_2f2b_2d90,2f2b:2d90,OVL03_L0000,2d90,,before-first-function
FUN_2f2b_2e2a,2f2b:2e2a,OVL03_L0000,2e2a,,before-first-function
FUN_2f2b_2e92,2f2b:2e92,OVL03_L0000,2e92,,before-first-function
FUN_2f2b_2eb2,2f2b:2eb2,OVL03_L0000,2eb2,,before-first-function
FUN_2f2b_2ec6,2f2b:2ec6,OVL03_L0000,2ec6,,before-first-function
FUN_2f2b_2eea,2f2b:2eea,OVL03_L0000,2eea,,before-first-function
FUN_2f2b_2f26,2f2b:2f26,OVL03_L0000,2f26,,before-first-function
FUN_2f2b_2f3e,2f2b:2f3e,OVL03_L0000,2f3e,,before-first-function
FUN_2f2b_348c,2f2b:348c,OVL03_L0000,348c,,before-first-function
FUN_2f2b_3fa6,2f2b:3fa6,OVL03_L0000,3fa6,,before-first-function
FUN_2f2b_40a0,2f2b:40a0,OVL03_L0000,40a0,,before-first-function
FUN_2f2b_41c0,2f2b:41c0,OVL03_L0000,41c0,,before-first-function
FUN_2f2b_4284,2f2b:4284,OVL03_L0000,4284,,before-first-function
FUN_2f2b_42be,2f2b:42be,OVL03_L0000,42be,,before-first-function
FUN_2f2b_42f2,2f2b:42f2,OVL03_L0000,42f2,,before-first-function
FUN_2f2b_4424,2f2b:4424,OVL03_L0000,4424,,before-first-function
FUN_2f2b_44d4,2f2b:44d4,OVL03_L0000,44d4,,before-first-function
FUN_2f2b_47bc,2f2b:47bc,OVL03_L0000,47bc,,before-first-function
FUN_2f2b_4a1c,2f2b:4a1c,OVL03_L0000,4a1c,,before-first-function
FUN_2f2b_4b62,2f2b:4b62,OVL03_L0000,4b62,,before-first-function
FUN_2f2b_4da6,2f2b:4da6,OVL03_L0000,4da6,,before-first-function
FUN_2f2b_4fec,2f2b:4fec,OVL03_L0000,4fec,,before-first-function
FUN_2f2b_51ec,2f2b:51ec,OVL03_L0000,51ec,,before-first-function
FUN_2f2b_548e,2f2b:548e,OVL03_L0000,548e,,before-first-function
FUN_2f2b_55da,2f2b:55da,OVL03_L0000,55da,,before-first-function
FUN_2f2b_56ce,2f2b:56ce,OVL03_L0000,56ce,,before-first-function
FUN_2f2b_5746,2f2b:5746,OVL03_L0000,5746,,before-first-function
FUN_2f2b_59a0,2f2b:59a0,OVL03_L0000,59a0,,before-first-function
FUN_2f2b_5a68,2f2b:5a68,OVL03_L0000,5a68,,before-first-function
FUN_2f2b_5bd2,2f2b:5bd2,OVL03_L0000,5bd2,,before-first-function
FUN_2f2b_5e44,2f2b:5e44,OVL03_L0000,5e44,,before-first-function
FUN_2f2b_5fc6,2f2b:5fc6,OVL03_L0000,5fc6,,before-first-function
FUN_2f2b_60dc,2f2b:60dc,OVL03_L0000,60dc,,before-first-function
FUN_2f2b_628a,2f2b:628a,OVL03_L0000,628a,,before-first-function
FUN_2f2b_6372,2f2b:6372,OVL03_L0000,6372,,before-first-function
FUN_2f2b_6c46,2f2b:6c46,OVL03_L0000,6c46,FUN_OVL03_L0000__006c46,exact
FUN_2f2b_6cd4,2f2b:6cd4,OVL03_L0000,6cd4,,gap
thunk_FUN_291f_04d4,2f2b:7079,OVL03_L0000,7079,thunk_FUN_1000_96c4,exact
thunk_FUN_291f_04e0,2f2b:707e,OVL03_L0000,707e,thunk_FUN_1000_96d0,exact
thunk_FUN_291f_04ec,2f2b:7083,OVL03_L0000,7083,thunk_FUN_1000_96dc,exact
thunk_FUN_291f_0504,2f2b:708d,OVL03_L0000,708d,thunk_FUN_1000_96f4,exact
thunk_FUN_291f_0510,2f2b:7092,OVL03_L0000,7092,thunk_FUN_1000_9700,exact
thunk_FUN_291f_051c,2f2b:7097,OVL03_L0000,7097,thunk_FUN_1000_970c,exact
thunk_FUN_291f_0534,2f2b:70a1,OVL03_L0000,70a1,thunk_FUN_1000_9724,exact
thunk_FUN_291f_0540,2f2b:70a6,OVL03_L0000,70a6,thunk_FUN_1000_9730,exact
thunk_FUN_291f_054c,2f2b:70ab,OVL03_L0000,70ab,thunk_FUN_1000_973c,exact
thunk_FUN_291f_0558,2f2b:70b0,OVL03_L0000,70b0,thunk_FUN_1000_9748,exact
thunk_FUN_291f_0564,2f2b:70b5,OVL03_L0000,70b5,thunk_FUN_1000_9754,exact
thunk_FUN_291f_057c,2f2b:70bf,OVL03_L0000,70bf,thunk_FUN_1000_976c,exact
thunk_FUN_291f_0594,2f2b:70c9,OVL03_L0000,70c9,thunk_FUN_1000_9784,exact
thunk_FUN_291f_05a0,2f2b:70ce,OVL03_L0000,70ce,thunk_FUN_1000_9790,exact
thunk_FUN_291f_05ac,2f2b:70d3,OVL03_L0000,70d3,thunk_FUN_1000_979c,exact
thunk_FUN_291f_05b8,2f2b:70d8,OVL03_L0000,70d8,thunk_FUN_1000_97a8,exact
thunk_FUN_291f_05c4,2f2b:70dd,OVL03_L0000,70dd,thunk_FUN_1000_97b4,exact
thunk_FUN_291f_05d0,2f2b:70e2,OVL03_L0000,70e2,thunk_FUN_1000_97c0,exact
thunk_FUN_291f_05dc,2f2b:70e7,OVL03_L0000,70e7,thunk_FUN_1000_97cc,exact
thunk_FUN_291f_05e8,2f2b:70ec,OVL03_L0000,70ec,thunk_FUN_1000_97d8,exact
thunk_FUN_291f_05f4,2f2b:70f1,OVL03_L0000,70f1,thunk_FUN_1000_97e4,exact
thunk_FUN_291f_0600,2f2b:70f6,OVL03_L0000,70f6,thunk_FUN_1000_97f0,exact
thunk_FUN_291f_060c,2f2b:70fb,OVL03_L0000,70fb,thunk_FUN_1000_97fc,exact
thunk_FUN_291f_0618,2f2b:7100,OVL03_L0000,7100,thunk_FUN_1000_9808,exact
thunk_FUN_291f_0630,2f2b:710a,OVL03_L0000,710a,thunk_FUN_1000_9820,exact
thunk_FUN_291f_0648,2f2b:7114,OVL03_L0000,7114,thunk_FUN_1000_9838,exact
thunk_FUN_291f_0654,2f2b:7119,OVL03_L0000,7119,thunk_FUN_1000_9844,exact
thunk_FUN_291f_0660,2f2b:711e,OVL03_L0000,711e,thunk_FUN_1000_9850,exact
thunk_FUN_291f_066c,2f2b:7123,OVL03_L0000,7123,thunk_FUN_1000_985c,exact
thunk_FUN_291f_0678,2f2b:7128,OVL03_L0000,7128,thunk_FUN_1000_9868,exact
thunk_FUN_291f_0684,2f2b:712d,OVL03_L0000,712d,thunk_FUN_1000_9874,exact
thunk_FUN_291f_0690,2f2b:7132,OVL03_L0000,7132,thunk_FUN_1000_9880,exact
thunk_FUN_291f_069c,2f2b:7137,OVL03_L0000,7137,thunk_FUN_1000_988c,exact
thunk_FUN_291f_06b4,2f2b:7141,OVL03_L0000,7141,thunk_FUN_1000_98a4,exact
thunk_FUN_291f_06c0,2f2b:7146,OVL03_L0000,7146,thunk_FUN_1000_98b0,exact
thunk_FUN_291f_06cc,2f2b:714b,OVL03_L0000,714b,thunk_FUN_1000_98bc,exact
thunk_FUN_291f_06d8,2f2b:7150,OVL03_L0000,7150,thunk_FUN_1000_98c8,exact
thunk_FUN_291f_06e4,2f2b:7155,OVL03_L0000,7155,thunk_FUN_1000_98d4,exact
thunk_FUN_291f_06f0,2f2b:715a,OVL03_L0000,715a,thunk_FUN_1000_98e0,exact
thunk_FUN_291f_0708,2f2b:7164,OVL03_L0000,7164,thunk_FUN_1000_98f8,exact
thunk_FUN_291f_0714,2f2b:7169,OVL03_L0000,7169,thunk_FUN_1000_9904,exact
thunk_FUN_291f_0720,2f2b:716e,OVL03_L0000,716e,thunk_FUN_1000_9910,exact
thunk_FUN_291f_072c,2f2b:7173,OVL03_L0000,7173,thunk_FUN_1000_991c,exact
thunk_FUN_291f_0738,2f2b:7178,OVL03_L0000,7178,thunk_FUN_1000_9928,exact
thunk_FUN_291f_0744,2f2b:717d,OVL03_L0000,717d,thunk_FUN_1000_9934,exact
thunk_FUN_291f_0750,2f2b:7182,OVL03_L0000,7182,thunk_FUN_1000_9940,exact
thunk_FUN_291f_075c,2f2b:7187,OVL03_L0000,7187,thunk_FUN_1000_994c,exact
thunk_FUN_291f_0768,2f2b:718c,OVL03_L0000,718c,thunk_FUN_1000_9958,exact
thunk_FUN_291f_0774,2f2b:7191,OVL03_L0000,7191,thunk_FUN_1000_9964,exact
thunk_FUN_291f_078c,2f2b:719b,OVL03_L0000,719b,thunk_FUN_1000_997c,exact
thunk_FUN_291f_0798,2f2b:71a0,OVL03_L0000,71a0,thunk_FUN_1000_9988,exact
thunk_FUN_291f_07b0,2f2b:71aa,OVL03_L0000,71aa,thunk_FUN_1000_99a0,exact
thunk_FUN_291f_07bc,2f2b:71af,OVL03_L0000,71af,thunk_FUN_1000_99ac,exact
thunk_FUN_291f_07c8,2f2b:71b4,OVL03_L0000,71b4,thunk_FUN_1000_99b8,exact
thunk_FUN_291f_07d4,2f2b:71b9,OVL03_L0000,71b9,thunk_FUN_1000_99c4,exact
thunk_FUN_291f_07ec,2f2b:71c3,OVL03_L0000,71c3,thunk_FUN_1000_99dc,exact
thunk_FUN_291f_07f8,2f2b:71c8,OVL03_L0000,71c8,thunk_FUN_1000_99e8,exact
thunk_FUN_291f_0804,2f2b:71cd,OVL03_L0000,71cd,thunk_FUN_1000_99f4,exact
thunk_FUN_291f_081c,2f2b:71d7,OVL03_L0000,71d7,thunk_FUN_1000_9a0c,exact
thunk_FUN_291f_0828,2f2b:71dc,OVL03_L0000,71dc,thunk_FUN_1000_9a18,exact
thunk_FUN_291f_0834,2f2b:71e1,OVL03_L0000,71e1,thunk_FUN_1000_9a24,exact
thunk_FUN_291f_0840,2f2b:71e6,OVL03_L0000,71e6,thunk_FUN_1000_9a30,exact
thunk_FUN_291f_0858,2f2b:71f0,OVL03_L0000,71f0,thunk_FUN_1000_9a48,exact
thunk_FUN_291f_0864,2f2b:71f5,OVL03_L0000,71f5,thunk_FUN_1000_9a54,exact
FUN_364b_0000,364b:0000,OVL04_L0040,400,,before-first-function
FUN_364b_0114,364b:0114,OVL04_L0040,514,,before-first-function
FUN_364b_033a,364b:033a,OVL04_L0040,73a,,before-first-function
FUN_364b_03f6,364b:03f6,OVL04_L0040,7f6,,before-first-function
FUN_364b_0636,364b:0636,OVL04_L0040,a36,,before-first-function
FUN_364b_0688,364b:0688,OVL04_L0040,a88,,before-first-function
FUN_364b_1aec,364b:1aec,OVL04_L0040,1eec,,before-first-function
FUN_364b_1b1a,364b:1b1a,OVL04_L0040,1f1a,,before-first-function
FUN_364b_1b4c,364b:1b4c,OVL04_L0040,1f4c,,before-first-function
FUN_364b_1b76,364b:1b76,OVL04_L0040,1f76,,before-first-function
FUN_364b_1ba8,364b:1ba8,OVL04_L0040,1fa8,,before-first-function
caseD_7,364b:1e64,OVL04_L0040,2264,,before-first-function
thunk_FUN_291f_0254,364b:1f76,OVL04_L0040,2376,thunk_FUN_1000_9444,exact
thunk_FUN_291f_097a,364b:1f7b,OVL04_L0040,237b,FUN_OVL04_L0040__00237b,exact
thunk_FUN_291f_0988,364b:1f80,OVL04_L0040,2380,thunk_FUN_1000_9b78,exact
thunk_FUN_291f_09c0,364b:1f85,OVL04_L0040,2385,thunk_FUN_1000_9bb0,exact
thunk_FUN_291f_09ce,364b:1f8a,OVL04_L0040,238a,thunk_FUN_1000_9bbe,exact
thunk_FUN_291f_09dc,364b:1f8f,OVL04_L0040,238f,thunk_FUN_1000_9bcc,exact
FUN_3844_0004,3844:0004,OVL04_L0040,2394,,gap
FUN_3844_00f2,3844:00f2,OVL04_L0040,2482,,gap
FUN_3844_0442,3844:0442,OVL04_L0040,27d2,,gap
thunk_FUN_291f_0a58,3844:0b8a,OVL04_L0040,2f1a,thunk_FUN_1000_9c48,exact
FUN_38fd_0000,38fd:0000,OVL05_L0040,400,,before-first-function
FUN_38fd_0016,38fd:0016,OVL05_L0040,416,,before-first-function
FUN_38fd_0040,38fd:0040,OVL05_L0040,440,,before-first-function
FUN_38fd_0058,38fd:0058,OVL05_L0040,458,,before-first-function
FUN_38fd_05e8,38fd:05e8,OVL05_L0040,9e8,,before-first-function
FUN_38fd_05fc,38fd:05fc,OVL05_L0040,9fc,FUN_OVL05_L0040__0009fc,exact
FUN_38fd_0666,38fd:0666,OVL05_L0040,a66,,gap
FUN_38fd_06c4,38fd:06c4,OVL05_L0040,ac4,,gap
FUN_38fd_0718,38fd:0718,OVL05_L0040,b18,,gap
FUN_38fd_07c6,38fd:07c6,OVL05_L0040,bc6,,gap
FUN_38fd_081c,38fd:081c,OVL05_L0040,c1c,,gap
FUN_38fd_0836,38fd:0836,OVL05_L0040,c36,,gap
FUN_38fd_086c,38fd:086c,OVL05_L0040,c6c,,gap
FUN_38fd_08a4,38fd:08a4,OVL05_L0040,ca4,,gap
FUN_38fd_0a26,38fd:0a26,OVL05_L0040,e26,FUN_OVL05_L0040__000e26,exact
FUN_38fd_0b64,38fd:0b64,OVL05_L0040,f64,FUN_OVL05_L0040__000f64,exact
FUN_38fd_0d48,38fd:0d48,OVL05_L0040,1148,,gap
FUN_38fd_0e16,38fd:0e16,OVL05_L0040,1216,,gap
FUN_38fd_0f5e,38fd:0f5e,OVL05_L0040,135e,,gap
FUN_38fd_0f8c,38fd:0f8c,OVL05_L0040,138c,FUN_OVL05_L0040__00138c,exact
FUN_38fd_127c,38fd:127c,OVL05_L0040,167c,,gap
FUN_38fd_1382,38fd:1382,OVL05_L0040,1782,,gap
FUN_38fd_1456,38fd:1456,OVL05_L0040,1856,,gap
FUN_38fd_146c,38fd:146c,OVL05_L0040,186c,,gap
FUN_38fd_14e2,38fd:14e2,OVL05_L0040,18e2,,gap
FUN_38fd_15aa,38fd:15aa,OVL05_L0040,19aa,,gap
FUN_38fd_1660,38fd:1660,OVL05_L0040,1a60,FUN_OVL05_L0040__001a60,exact
FUN_38fd_1696,38fd:1696,OVL05_L0040,1a96,FUN_OVL05_L0040__001a96,exact
FUN_38fd_1878,38fd:1878,OVL05_L0040,1c78,FUN_OVL05_L0040__001c78,exact
FUN_38fd_18fc,38fd:18fc,OVL05_L0040,1cfc,,gap
FUN_38fd_1956,38fd:1956,OVL05_L0040,1d56,,gap
FUN_38fd_1960,38fd:1960,OVL05_L0040,1d60,,gap
FUN_38fd_199e,38fd:199e,OVL05_L0040,1d9e,,gap
FUN_38fd_19d8,38fd:19d8,OVL05_L0040,1dd8,,gap
FUN_38fd_19f8,38fd:19f8,OVL05_L0040,1df8,,gap
FUN_38fd_1a0c,38fd:1a0c,OVL05_L0040,1e0c,,gap
FUN_38fd_1a30,38fd:1a30,OVL05_L0040,1e30,,gap
FUN_38fd_1aba,38fd:1aba,OVL05_L0040,1eba,,gap
FUN_38fd_1b9e,38fd:1b9e,OVL05_L0040,1f9e,,gap
FUN_38fd_1bd2,38fd:1bd2,OVL05_L0040,1fd2,,gap
FUN_38fd_1c64,38fd:1c64,OVL05_L0040,2064,,gap
FUN_38fd_1cac,38fd:1cac,OVL05_L0040,20ac,,gap
FUN_38fd_1cf4,38fd:1cf4,OVL05_L0040,20f4,,gap
FUN_38fd_1d28,38fd:1d28,OVL05_L0040,2128,,gap
FUN_38fd_1d44,38fd:1d44,OVL05_L0040,2144,FUN_OVL05_L0040__002144,exact
FUN_38fd_1d80,38fd:1d80,OVL05_L0040,2180,,gap
FUN_38fd_1dfa,38fd:1dfa,OVL05_L0040,21fa,,gap
FUN_38fd_1ebc,38fd:1ebc,OVL05_L0040,22bc,,gap
FUN_38fd_1f0c,38fd:1f0c,OVL05_L0040,230c,,gap
FUN_38fd_1f66,38fd:1f66,OVL05_L0040,2366,,gap
FUN_38fd_1f7e,38fd:1f7e,OVL05_L0040,237e,,gap
FUN_38fd_1f8e,38fd:1f8e,OVL05_L0040,238e,,gap
FUN_38fd_1fa2,38fd:1fa2,OVL05_L0040,23a2,,gap
FUN_38fd_23c4,38fd:23c4,OVL05_L0040,27c4,,gap
FUN_38fd_285c,38fd:285c,OVL05_L0040,2c5c,,gap
FUN_38fd_2a92,38fd:2a92,OVL05_L0040,2e92,,gap
FUN_38fd_2bfe,38fd:2bfe,OVL05_L0040,2ffe,,gap
FUN_38fd_2dfe,38fd:2dfe,OVL05_L0040,31fe,,gap
FUN_38fd_2edc,38fd:2edc,OVL05_L0040,32dc,,gap
FUN_38fd_30aa,38fd:30aa,OVL05_L0040,34aa,,gap
FUN_38fd_31c6,38fd:31c6,OVL05_L0040,35c6,,gap
FUN_38fd_3502,38fd:3502,OVL05_L0040,3902,,gap
FUN_38fd_3694,38fd:3694,OVL05_L0040,3a94,,gap
FUN_38fd_3746,38fd:3746,OVL05_L0040,3b46,,gap
FUN_38fd_3c86,38fd:3c86,OVL05_L0040,4086,,gap
FUN_38fd_3dc8,38fd:3dc8,OVL05_L0040,41c8,,gap
FUN_38fd_41ce,38fd:41ce,OVL05_L0040,45ce,,gap
FUN_38fd_44a4,38fd:44a4,OVL05_L0040,48a4,,gap
FUN_38fd_4590,38fd:4590,OVL05_L0040,4990,,gap
FUN_38fd_46d4,38fd:46d4,OVL05_L0040,4ad4,,gap
FUN_38fd_4884,38fd:4884,OVL05_L0040,4c84,,gap
FUN_38fd_4b50,38fd:4b50,OVL05_L0040,4f50,,gap
FUN_38fd_4e8e,38fd:4e8e,OVL05_L0040,528e,,gap
FUN_38fd_4f6e,38fd:4f6e,OVL05_L0040,536e,,gap
FUN_38fd_5580,38fd:5580,OVL05_L0040,5980,FUN_OVL05_L0040__005980,exact
FUN_38fd_55b6,38fd:55b6,OVL05_L0040,59b6,,gap
FUN_38fd_584a,38fd:584a,OVL05_L0040,5c4a,,gap
FUN_38fd_5930,38fd:5930,OVL05_L0040,5d30,,gap
FUN_38fd_5be8,38fd:5be8,OVL05_L0040,5fe8,,gap
FUN_38fd_5e52,38fd:5e52,OVL05_L0040,6252,,gap
FUN_38fd_6024,38fd:6024,OVL05_L0040,6424,,gap
thunk_FUN_281f_0582,38fd:62be,OVL05_L0040,66be,thunk_FUN_1000_8772,exact
thunk_FUN_291f_09ea,38fd:62c3,OVL05_L0040,66c3,thunk_FUN_1000_9bda,exact
thunk_FUN_291f_0a2e,38fd:62c8,OVL05_L0040,66c8,FUN_OVL05_L0040__0066c8,exact
thunk_FUN_291f_0ae0,38fd:62cd,OVL05_L0040,66cd,FUN_OVL05_L0040__0066cd,exact
thunk_FUN_291f_0afc,38fd:62d2,OVL05_L0040,66d2,thunk_FUN_1000_9cec,exact
thunk_FUN_291f_0b0a,38fd:62d7,OVL05_L0040,66d7,thunk_FUN_1000_9cfa,exact
thunk_FUN_291f_0b18,38fd:62dc,OVL05_L0040,66dc,thunk_FUN_1000_9d08,exact
thunk_FUN_291f_0b26,38fd:62e1,OVL05_L0040,66e1,thunk_FUN_1000_9d16,exact
thunk_FUN_291f_0b34,38fd:62e6,OVL05_L0040,66e6,thunk_FUN_1000_9d24,exact
thunk_FUN_291f_0b42,38fd:62eb,OVL05_L0040,66eb,thunk_FUN_1000_9d32,exact
thunk_FUN_291f_0b50,38fd:62f0,OVL05_L0040,66f0,thunk_FUN_1000_9d40,exact
thunk_FUN_291f_0b5e,38fd:62f5,OVL05_L0040,66f5,thunk_FUN_1000_9d4e,exact
thunk_FUN_291f_0b7a,38fd:62fa,OVL05_L0040,66fa,thunk_FUN_1000_9d6a,exact
thunk_FUN_291f_0b88,38fd:62ff,OVL05_L0040,66ff,thunk_FUN_1000_9d78,exact
thunk_FUN_291f_0b96,38fd:6304,OVL05_L0040,6704,thunk_FUN_1000_9d86,exact
thunk_FUN_291f_0bb2,38fd:630e,OVL05_L0040,670e,thunk_FUN_1000_9da2,exact
thunk_FUN_291f_0bc0,38fd:6313,OVL05_L0040,6713,thunk_FUN_1000_9db0,exact
thunk_FUN_291f_0bdc,38fd:631d,OVL05_L0040,671d,thunk_FUN_1000_9dcc,exact
thunk_FUN_291f_0bea,38fd:6322,OVL05_L0040,6722,thunk_FUN_1000_9dda,exact
thunk_FUN_291f_0c06,38fd:632c,OVL05_L0040,672c,thunk_FUN_1000_9df6,exact
thunk_FUN_291f_0c14,38fd:6331,OVL05_L0040,6731,thunk_FUN_1000_9e04,exact
thunk_FUN_291f_0c22,38fd:6336,OVL05_L0040,6736,thunk_FUN_1000_9e12,exact
thunk_FUN_291f_0c30,38fd:633b,OVL05_L0040,673b,thunk_FUN_1000_9e20,exact
thunk_FUN_291f_0c3e,38fd:6340,OVL05_L0040,6740,thunk_FUN_1000_9e2e,exact
thunk_FUN_291f_0c5a,38fd:634a,OVL05_L0040,674a,thunk_FUN_1000_9e4a,exact
thunk_FUN_291f_0c68,38fd:634f,OVL05_L0040,674f,thunk_FUN_1000_9e58,exact
thunk_FUN_291f_0c76,38fd:6354,OVL05_L0040,6754,thunk_FUN_1000_9e66,exact
thunk_FUN_291f_0c84,38fd:6359,OVL05_L0040,6759,thunk_FUN_1000_9e74,exact
thunk_FUN_291f_0ca0,38fd:6363,OVL05_L0040,6763,thunk_FUN_1000_9e90,exact
thunk_FUN_291f_0cae,38fd:6368,OVL05_L0040,6768,thunk_FUN_1000_9e9e,exact
thunk_FUN_291f_0cbc,38fd:636d,OVL05_L0040,676d,thunk_FUN_1000_9eac,exact
thunk_FUN_291f_0cca,38fd:6372,OVL05_L0040,6772,thunk_FUN_1000_9eba,exact
thunk_FUN_291f_0cd8,38fd:6377,OVL05_L0040,6777,thunk_FUN_1000_9ec8,exact
thunk_FUN_291f_0ce6,38fd:637c,OVL05_L0040,677c,thunk_FUN_1000_9ed6,exact
thunk_FUN_291f_0d02,38fd:6386,OVL05_L0040,6786,thunk_FUN_1000_9ef2,exact
thunk_FUN_291f_0d10,38fd:638b,OVL05_L0040,678b,thunk_FUN_1000_9f00,exact
thunk_FUN_291f_0d1e,38fd:6390,OVL05_L0040,6790,thunk_FUN_1000_9f0e,exact
thunk_FUN_291f_0d2c,38fd:6395,OVL05_L0040,6795,thunk_FUN_1000_9f1c,exact
thunk_FUN_291f_0d3a,38fd:639a,OVL05_L0040,679a,thunk_FUN_1000_9f2a,exact
thunk_FUN_291f_0d56,38fd:63a4,OVL05_L0040,67a4,thunk_FUN_1000_9f46,exact
thunk_FUN_291f_0d72,38fd:63ae,OVL05_L0040,67ae,thunk_FUN_1000_9f62,exact
thunk_FUN_291f_0d80,38fd:63b3,OVL05_L0040,67b3,thunk_FUN_1000_9f70,exact
thunk_FUN_291f_0d8e,38fd:63b8,OVL05_L0040,67b8,thunk_FUN_1000_9f7e,exact
thunk_FUN_291f_0d9c,38fd:63bd,OVL05_L0040,67bd,thunk_FUN_1000_9f8c,exact
thunk_FUN_291f_0daa,38fd:63c2,OVL05_L0040,67c2,thunk_FUN_1000_9f9a,exact
thunk_FUN_291f_0db8,38fd:63c7,OVL05_L0040,67c7,thunk_FUN_1000_9fa8,exact
thunk_FUN_291f_0dc6,38fd:63cc,OVL05_L0040,67cc,thunk_FUN_1000_9fb6,exact
thunk_FUN_291f_0dd4,38fd:63d1,OVL05_L0040,67d1,thunk_FUN_1000_9fc4,exact
thunk_FUN_291f_0de2,38fd:63d6,OVL05_L0040,67d6,thunk_FUN_1000_9fd2,exact
thunk_FUN_291f_0df0,38fd:63db,OVL05_L0040,67db,thunk_FUN_1000_9fe0,exact
thunk_FUN_291f_0dfe,38fd:63e0,OVL05_L0040,67e0,thunk_FUN_1000_9fee,exact
thunk_FUN_291f_0e0c,38fd:63e5,OVL05_L0040,67e5,thunk_FUN_1000_9ffc,exact
thunk_FUN_291f_0e28,38fd:63ef,OVL05_L0040,67ef,thunk_FUN_1000_a018,exact
thunk_FUN_291f_0e36,38fd:63f4,OVL05_L0040,67f4,thunk_FUN_1000_a026,exact
thunk_FUN_291f_0e44,38fd:63f9,OVL05_L0040,67f9,thunk_FUN_1000_a034,exact
thunk_FUN_291f_0e52,38fd:63fe,OVL05_L0040,67fe,thunk_FUN_1000_a042,exact
thunk_FUN_291f_0e60,38fd:6403,OVL05_L0040,6803,thunk_FUN_1000_a050,exact
thunk_FUN_291f_0e6e,38fd:6408,OVL05_L0040,6808,thunk_FUN_1000_a05e,exact
thunk_FUN_291f_0e7c,38fd:640d,OVL05_L0040,680d,thunk_FUN_1000_a06c,exact
thunk_FUN_291f_0e8a,38fd:6412,OVL05_L0040,6812,thunk_FUN_1000_a07a,exact
thunk_FUN_291f_0e98,38fd:6417,OVL05_L0040,6817,thunk_FUN_1000_a088,exact
thunk_FUN_291f_0eb4,3f3f:0001,OVL05_L0040,6821,thunk_FUN_1000_a0a4,exact
FUN_3f3f_0006,3f3f:0006,OVL05_L0040,6826,,gap
FUN_3f41_0000,3f41:0000,OVL06_L0040,400,,before-first-function
FUN_3f41_008a,3f41:008a,OVL06_L0040,48a,,before-first-function
FUN_3f41_010a,3f41:010a,OVL06_L0040,50a,,before-first-function
FUN_3f41_0618,3f41:0618,OVL06_L0040,a18,,before-first-function
FUN_3f41_06d0,3f41:06d0,OVL06_L0040,ad0,,before-first-function
FUN_3f41_0ae6,3f41:0ae6,OVL06_L0040,ee6,,before-first-function
FUN_3f41_0d3e,3f41:0d3e,OVL06_L0040,113e,,before-first-function
FUN_3f41_10d8,3f41:10d8,OVL06_L0040,14d8,,before-first-function
FUN_3f41_1438,3f41:1438,OVL06_L0040,1838,,before-first-function
FUN_3f41_1550,3f41:1550,OVL06_L0040,1950,,before-first-function
FUN_3f41_1710,3f41:1710,OVL06_L0040,1b10,,before-first-function
FUN_3f41_1b94,3f41:1b94,OVL06_L0040,1f94,,before-first-function
FUN_3f41_1bec,3f41:1bec,OVL06_L0040,1fec,,before-first-function
FUN_3f41_1e80,3f41:1e80,OVL06_L0040,2280,,before-first-function
FUN_3f41_1ed8,3f41:1ed8,OVL06_L0040,22d8,,before-first-function
FUN_3f41_20b4,3f41:20b4,OVL06_L0040,24b4,,before-first-function
FUN_3f41_220c,3f41:220c,OVL06_L0040,260c,,before-first-function
FUN_3f41_2548,3f41:2548,OVL06_L0040,2948,,before-first-function
thunk_FUN_291f_0ee8,3f41:2af0,OVL06_L0040,2ef0,thunk_FUN_1000_a0d8,exact
thunk_FUN_291f_0ef6,3f41:2af5,OVL06_L0040,2ef5,FUN_OVL06_L0040__002ef5,exact
thunk_FUN_291f_0f04,3f41:2afa,OVL06_L0040,2efa,FUN_OVL06_L0040__002efa,exact
thunk_FUN_291f_0f12,3f41:2aff,OVL06_L0040,2eff,FUN_OVL06_L0040__002eff,exact
thunk_FUN_291f_0f20,3f41:2b04,OVL06_L0040,2f04,FUN_OVL06_L0040__002f04,exact
thunk_FUN_291f_0f2e,3f41:2b09,OVL06_L0040,2f09,FUN_OVL06_L0040__002f09,exact
thunk_FUN_291f_0f3c,3f41:2b0e,OVL06_L0040,2f0e,FUN_OVL06_L0040__002f0e,exact
thunk_FUN_291f_0f4a,41f2:0003,OVL06_L0040,2f13,FUN_OVL06_L0040__002f13,exact
thunk_FUN_291f_0f58,41f2:0008,OVL06_L0040,2f18,FUN_OVL06_L0040__002f18,exact
FUN_41f2_000e,41f2:000e,OVL06_L0040,2f1e,,gap
FUN_41f2_0048,41f2:0048,OVL06_L0040,2f58,FUN_OVL06_L0040__002f58,exact
FUN_41f2_0092,41f2:0092,OVL06_L0040,2fa2,,gap
FUN_41f2_0266,41f2:0266,OVL06_L0040,3176,,gap
FUN_41f2_0280,41f2:0280,OVL06_L0040,3190,,gap
FUN_41f2_0294,41f2:0294,OVL06_L0040,31a4,,gap
FUN_41f2_0b70,41f2:0b70,OVL06_L0040,3a80,,gap
FUN_41f2_0f56,41f2:0f56,OVL06_L0040,3e66,,gap
FUN_41f2_14a8,41f2:14a8,OVL06_L0040,43b8,,gap
thunk_FUN_291f_03aa,41f2:151a,OVL06_L0040,442a,thunk_FUN_1000_959a,exact
thunk_FUN_291f_0f8e,41f2:151f,OVL06_L0040,442f,thunk_FUN_1000_a17e,exact
thunk_FUN_291f_0f9c,41f2:1524,OVL06_L0040,4434,FUN_OVL06_L0040__004434,exact
thunk_FUN_291f_0faa,41f2:1529,OVL06_L0040,4439,FUN_OVL06_L0040__004439,exact
FUN_4345_0000,4345:0000,OVL07_L0040,400,,before-first-function
FUN_4345_003c,4345:003c,OVL07_L0040,43c,,before-first-function
FUN_4345_005a,4345:005a,OVL07_L0040,45a,,before-first-function
FUN_4345_0080,4345:0080,OVL07_L0040,480,,before-first-function
FUN_4345_00e0,4345:00e0,OVL07_L0040,4e0,,before-first-function
FUN_4345_0126,4345:0126,OVL07_L0040,526,,before-first-function
FUN_4345_015a,4345:015a,OVL07_L0040,55a,,before-first-function
FUN_4345_01a6,4345:01a6,OVL07_L0040,5a6,,before-first-function
FUN_4345_024a,4345:024a,OVL07_L0040,64a,,before-first-function
FUN_4345_0342,4345:0342,OVL07_L0040,742,,before-first-function
FUN_4345_06d2,4345:06d2,OVL07_L0040,ad2,,before-first-function
FUN_4345_0982,4345:0982,OVL07_L0040,d82,,before-first-function
FUN_4345_0a22,4345:0a22,OVL07_L0040,e22,,before-first-function
thunk_FUN_291f_0f66,4345:0af2,OVL07_L0040,ef2,FUN_OVL07_L0040__000ef2,exact
thunk_FUN_291f_0f74,4345:0af7,OVL07_L0040,ef7,FUN_OVL07_L0040__000ef7,exact
thunk_FUN_291f_0fec,4345:0afc,OVL07_L0040,efc,thunk_FUN_1000_a1dc,exact
thunk_FUN_2a1f_0000,4345:0b01,OVL07_L0040,f01,FUN_OVL07_L0040__000f01,exact
thunk_FUN_2a1f_000e,4345:0b06,OVL07_L0040,f06,FUN_OVL07_L0040__000f06,exact
thunk_FUN_2a1f_001c,4345:0b0b,OVL07_L0040,f0b,FUN_OVL07_L0040__000f0b,exact
thunk_FUN_2a1f_002a,4345:0b10,OVL07_L0040,f10,FUN_OVL07_L0040__000f10,exact
thunk_FUN_2a1f_0038,4345:0b15,OVL07_L0040,f15,FUN_OVL07_L0040__000f15,exact
thunk_FUN_2a1f_0046,4345:0b1a,OVL07_L0040,f1a,FUN_OVL07_L0040__000f1a,exact
thunk_FUN_2a1f_0054,4345:0b1f,OVL07_L0040,f1f,FUN_OVL07_L0040__000f1f,exact
FUN_43f7_0004,43f7:0004,OVL07_L0040,f24,,gap
FUN_43f7_0082,43f7:0082,OVL07_L0040,fa2,,gap
FUN_43f7_0108,43f7:0108,OVL07_L0040,1028,,gap
FUN_43f7_0188,43f7:0188,OVL07_L0040,10a8,,gap
FUN_43f7_0218,43f7:0218,OVL07_L0040,1138,,gap
FUN_43f7_0512,43f7:0512,OVL07_L0040,1432,,gap
FUN_43f7_05ea,43f7:05ea,OVL07_L0040,150a,,gap
FUN_43f7_05f4,43f7:05f4,OVL07_L0040,1514,,gap
FUN_43f7_060a,43f7:060a,OVL07_L0040,152a,,gap
FUN_43f7_06a6,43f7:06a6,OVL07_L0040,15c6,,gap
FUN_43f7_0982,43f7:0982,OVL07_L0040,18a2,,gap
FUN_43f7_10f0,43f7:10f0,OVL07_L0040,2010,,gap
FUN_43f7_1528,43f7:1528,OVL07_L0040,2448,,gap
FUN_43f7_160a,43f7:160a,OVL07_L0040,252a,,gap
FUN_43f7_1a26,43f7:1a26,OVL07_L0040,2946,,gap
FUN_43f7_1d42,43f7:1d42,OVL07_L0040,2c62,,gap
FUN_43f7_1eca,43f7:1eca,OVL07_L0040,2dea,,gap
FUN_43f7_2022,43f7:2022,OVL07_L0040,2f42,,gap
FUN_43f7_2244,43f7:2244,OVL07_L0040,3164,,gap
FUN_43f7_2424,43f7:2424,OVL07_L0040,3344,,gap
FUN_43f7_2564,43f7:2564,OVL07_L0040,3484,,gap
thunk_FUN_291f_0356,43f7:25e6,OVL07_L0040,3506,FUN_OVL07_L0040__003506,exact
thunk_FUN_291f_0364,43f7:25eb,OVL07_L0040,350b,FUN_OVL07_L0040__00350b,exact
thunk_FUN_2a1f_0070,43f7:25f0,OVL07_L0040,3510,FUN_OVL07_L0040__003510,exact
thunk_FUN_2a1f_007e,43f7:25f5,OVL07_L0040,3515,FUN_OVL07_L0040__003515,exact
thunk_FUN_2a1f_008c,43f7:25fa,OVL07_L0040,351a,FUN_OVL07_L0040__00351a,exact
thunk_FUN_2a1f_009a,43f7:25ff,OVL07_L0040,351f,FUN_OVL07_L0040__00351f,exact
thunk_FUN_2a1f_00a8,43f7:2604,OVL07_L0040,3524,FUN_OVL07_L0040__003524,exact
thunk_FUN_2a1f_00b6,43f7:2609,OVL07_L0040,3529,FUN_OVL07_L0040__003529,exact
thunk_FUN_2a1f_00c4,43f7:260e,OVL07_L0040,352e,FUN_OVL07_L0040__00352e,exact
thunk_FUN_2a1f_00d2,43f7:2613,OVL07_L0040,3533,FUN_OVL07_L0040__003533,exact
thunk_FUN_2a1f_00ee,43f7:2618,OVL07_L0040,3538,FUN_OVL07_L0040__003538,exact
thunk_FUN_2a1f_00fc,43f7:261d,OVL07_L0040,353d,FUN_OVL07_L0040__00353d,exact
thunk_FUN_2a1f_010a,43f7:2622,OVL07_L0040,3542,FUN_OVL07_L0040__003542,exact
thunk_FUN_2a1f_0118,43f7:2627,OVL07_L0040,3547,FUN_OVL07_L0040__003547,exact
thunk_FUN_2a1f_0126,43f7:262c,OVL07_L0040,354c,FUN_OVL07_L0040__00354c,exact
thunk_FUN_2a1f_0134,43f7:2631,OVL07_L0040,3551,FUN_OVL07_L0040__003551,exact
FUN_465b_0000,465b:0000,OVL08_L0040,400,,before-first-function
FUN_465b_0c1e,465b:0c1e,OVL08_L0040,101e,,before-first-function
thunk_FUN_2a1f_0142,4720:0000,OVL08_L0040,1050,FUN_OVL08_L0040__001050,exact
FUN_4720_0006,4720:0006,OVL08_L0040,1056,,gap
FUN_4720_015c,4720:015c,OVL08_L0040,11ac,,gap
FUN_4720_049e,4720:049e,OVL08_L0040,14ee,,gap
thunk_FUN_2a1f_01a0,4720:06b8,OVL08_L0040,1708,FUN_OVL08_L0040__001708,exact
thunk_FUN_2a1f_01ae,4720:06bd,OVL08_L0040,170d,FUN_OVL08_L0040__00170d,exact
FUN_478c_0002,478c:0002,OVL08_L0040,1712,,gap
FUN_478c_002c,478c:002c,OVL08_L0040,173c,,gap
FUN_478c_007e,478c:007e,OVL08_L0040,178e,,gap
FUN_478c_00d0,478c:00d0,OVL08_L0040,17e0,,gap
thunk_FUN_2a1f_01bc,478c:00ea,OVL08_L0040,17fa,FUN_OVL08_L0040__0017fa,exact
FUN_479b_0000,479b:0000,OVL09_L0040,400,,before-first-function
FUN_479b_00ca,479b:00ca,OVL09_L0040,4ca,,before-first-function
FUN_479b_0158,479b:0158,OVL09_L0040,558,,before-first-function
FUN_479b_01a6,479b:01a6,OVL09_L0040,5a6,,before-first-function
FUN_479b_0526,479b:0526,OVL09_L0040,926,,before-first-function
FUN_479b_076e,479b:076e,OVL09_L0040,b6e,,before-first-function
FUN_479b_0972,479b:0972,OVL09_L0040,d72,,before-first-function
FUN_479b_0b26,479b:0b26,OVL09_L0040,f26,,before-first-function
FUN_479b_0b6c,479b:0b6c,OVL09_L0040,f6c,,before-first-function
FUN_479b_0b84,479b:0b84,OVL09_L0040,f84,,before-first-function
FUN_479b_0bd0,479b:0bd0,OVL09_L0040,fd0,,before-first-function
FUN_479b_0f60,479b:0f60,OVL09_L0040,1360,,before-first-function
FUN_479b_11a4,479b:11a4,OVL09_L0040,15a4,,before-first-function
thunk_FUN_291f_04ba,479b:1368,OVL09_L0040,1768,thunk_FUN_1000_96aa,exact
thunk_FUN_2a1f_01d8,479b:136d,OVL09_L0040,176d,FUN_OVL09_L0040__00176d,exact
thunk_FUN_2a1f_01e6,479b:1372,OVL09_L0040,1772,FUN_OVL09_L0040__001772,exact
thunk_FUN_2a1f_01f4,479b:1377,OVL09_L0040,1777,FUN_OVL09_L0040__001777,exact
thunk_FUN_2a1f_0202,479b:137c,OVL09_L0040,177c,thunk_FUN_1000_a3f2,exact
FUN_48d3_0002,48d3:0002,OVL09_L0040,1782,,gap
FUN_48d3_007a,48d3:007a,OVL09_L0040,17fa,,gap
FUN_48d3_015e,48d3:015e,OVL09_L0040,18de,,gap
FUN_48d3_0346,48d3:0346,OVL09_L0040,1ac6,,gap
FUN_48d3_03d0,48d3:03d0,OVL09_L0040,1b50,,gap
FUN_48d3_0434,48d3:0434,OVL09_L0040,1bb4,,gap
FUN_48d3_048e,48d3:048e,OVL09_L0040,1c0e,,gap
FUN_48d3_064e,48d3:064e,OVL09_L0040,1dce,,gap
FUN_48d3_06ba,48d3:06ba,OVL09_L0040,1e3a,,gap
thunk_FUN_291f_0aee,48d3:08dc,OVL09_L0040,205c,thunk_FUN_1000_9cde,exact
thunk_FUN_2a1f_0238,48d3:08e1,OVL09_L0040,2061,thunk_FUN_1000_a428,exact
thunk_FUN_2a1f_0246,48d3:08e6,OVL09_L0040,2066,thunk_FUN_1000_a436,exact
thunk_FUN_2a1f_0254,48d3:08eb,OVL09_L0040,206b,thunk_FUN_1000_a444,exact
thunk_FUN_2a1f_0262,4962:0000,OVL09_L0040,2070,thunk_FUN_1000_a452,exact
FUN_4962_0006,4962:0006,OVL09_L0040,2076,,gap
FUN_4962_0018,4962:0018,OVL09_L0040,2088,,gap
FUN_4962_0606,4962:0606,OVL09_L0040,2676,,gap
FUN_4962_06b6,4962:06b6,OVL09_L0040,2726,,gap
FUN_49dd_0000,49dd:0000,OVL10_L0000,0,,before-first-function
FUN_49dd_0086,49dd:0086,OVL10_L0000,86,,before-first-function
FUN_49dd_009c,49dd:009c,OVL10_L0000,9c,,before-first-function
FUN_49dd_00f6,49dd:00f6,OVL10_L0000,f6,,before-first-function
FUN_49dd_0156,49dd:0156,OVL10_L0000,156,,before-first-function
FUN_49dd_01aa,49dd:01aa,OVL10_L0000,1aa,,before-first-function
FUN_49dd_02d0,49dd:02d0,OVL10_L0000,2d0,,before-first-function
FUN_49dd_0386,49dd:0386,OVL10_L0000,386,,before-first-function
FUN_49dd_0424,49dd:0424,OVL10_L0000,424,,before-first-function
thunk_FUN_281f_0e46,49dd:177a,OVL10_L0000,177a,thunk_FUN_1000_9036,exact
thunk_FUN_291f_0f82,49dd:177f,OVL10_L0000,177f,FUN_OVL10_L0000__00177f,exact
thunk_FUN_2a1f_028a,49dd:1784,OVL10_L0000,1784,thunk_FUN_1000_a47a,exact
thunk_FUN_2a1f_0296,49dd:1789,OVL10_L0000,1789,thunk_FUN_1000_a486,exact
thunk_FUN_2a1f_02a2,49dd:178e,OVL10_L0000,178e,thunk_FUN_1000_a492,exact
thunk_FUN_2a1f_02ae,49dd:1793,OVL10_L0000,1793,thunk_FUN_1000_a49e,exact
thunk_FUN_2a1f_02ba,49dd:1798,OVL10_L0000,1798,thunk_FUN_1000_a4aa,exact
thunk_FUN_2a1f_02c6,49dd:179d,OVL10_L0000,179d,thunk_FUN_1000_a4b6,exact
FUN_4b58_0000,4b58:0000,OVL11_L0000,0,FUN_OVL11_L0000__000000,exact
FUN_4b58_0016,4b58:0016,OVL11_L0000,16,,gap
FUN_4b58_004a,4b58:004a,OVL11_L0000,4a,FUN_OVL11_L0000__00004a,exact
FUN_4b58_00ae,4b58:00ae,OVL11_L0000,ae,,gap
FUN_4b58_0104,4b58:0104,OVL11_L0000,104,,gap
FUN_4b58_023e,4b58:023e,OVL11_L0000,23e,,gap
FUN_4b58_02f6,4b58:02f6,OVL11_L0000,2f6,,gap
FUN_4b58_043e,4b58:043e,OVL11_L0000,43e,,gap
FUN_4b58_0484,4b58:0484,OVL11_L0000,484,,gap
FUN_4b58_051a,4b58:051a,OVL11_L0000,51a,,gap
FUN_4b58_0552,4b58:0552,OVL11_L0000,552,,gap
FUN_4b58_0582,4b58:0582,OVL11_L0000,582,,gap
FUN_4b58_05c6,4b58:05c6,OVL11_L0000,5c6,,gap
FUN_4b58_05f6,4b58:05f6,OVL11_L0000,5f6,,gap
FUN_4b58_063a,4b58:063a,OVL11_L0000,63a,,gap
FUN_4b58_07d6,4b58:07d6,OVL11_L0000,7d6,,gap
FUN_4b58_093c,4b58:093c,OVL11_L0000,93c,,gap
FUN_4b58_0a64,4b58:0a64,OVL11_L0000,a64,,gap
FUN_4b58_0b7a,4b58:0b7a,OVL11_L0000,b7a,,gap
FUN_4b58_0d94,4b58:0d94,OVL11_L0000,d94,,gap
FUN_4b58_13ac,4b58:13ac,OVL11_L0000,13ac,,gap
FUN_4b58_144a,4b58:144a,OVL11_L0000,144a,,gap
FUN_4b58_14de,4b58:14de,OVL11_L0000,14de,,gap
FUN_4b58_15a4,4b58:15a4,OVL11_L0000,15a4,,gap
thunk_FUN_281f_0e52,4b58:16a8,OVL11_L0000,16a8,thunk_FUN_1000_9042,exact
thunk_FUN_291f_0472,4b58:16ad,OVL11_L0000,16ad,thunk_FUN_1000_9662,exact
thunk_FUN_2a1f_02de,4b58:16b2,OVL11_L0000,16b2,thunk_FUN_1000_a4ce,exact
thunk_FUN_2a1f_02ea,4b58:16b7,OVL11_L0000,16b7,thunk_FUN_1000_a4da,exact
thunk_FUN_2a1f_02f6,4b58:16bc,OVL11_L0000,16bc,thunk_FUN_1000_a4e6,exact
thunk_FUN_2a1f_0302,4b58:16c1,OVL11_L0000,16c1,thunk_FUN_1000_a4f2,exact
thunk_FUN_2a1f_030e,4b58:16c6,OVL11_L0000,16c6,thunk_FUN_1000_a4fe,exact
thunk_FUN_2a1f_0326,4b58:16cb,OVL11_L0000,16cb,thunk_FUN_1000_a516,exact
thunk_FUN_2a1f_0332,4b58:16d0,OVL11_L0000,16d0,thunk_FUN_1000_a522,exact
thunk_FUN_2a1f_034a,4b58:16d5,OVL11_L0000,16d5,thunk_FUN_1000_a53a,exact
FUN_4cc6_0000,4cc6:0000,OVL12_L0000,0,,before-first-function
FUN_4cc6_0092,4cc6:0092,OVL12_L0000,92,,before-first-function
FUN_4cc6_00f2,4cc6:00f2,OVL12_L0000,f2,,before-first-function
FUN_4cc6_0304,4cc6:0304,OVL12_L0000,304,,before-first-function
FUN_4cc6_0356,4cc6:0356,OVL12_L0000,356,,before-first-function
FUN_4cc6_03f8,4cc6:03f8,OVL12_L0000,3f8,,before-first-function
FUN_4cc6_07c2,4cc6:07c2,OVL12_L0000,7c2,,before-first-function
thunk_FUN_2a1f_0398,4cc6:08ee,OVL12_L0000,8ee,FUN_OVL12_L0000__0008ee,exact
FUN_4d56_0038,4d56:0038,OVL13_L0000,38,,before-first-function
FUN_4d56_00e0,4d56:00e0,OVL13_L0000,e0,,before-first-function
FUN_4d56_01e2,4d56:01e2,OVL13_L0000,1e2,,before-first-function
FUN_4d56_14fe,4d56:14fe,OVL13_L0000,14fe,,before-first-function
FUN_4d56_152e,4d56:152e,OVL13_L0000,152e,,before-first-function
FUN_4d56_1816,4d56:1816,OVL13_L0000,1816,,before-first-function
FUN_4d56_1b3a,4d56:1b3a,OVL13_L0000,1b3a,,before-first-function
FUN_4d56_2154,4d56:2154,OVL13_L0000,2154,,before-first-function
FUN_4d56_2820,4d56:2820,OVL13_L0000,2820,,before-first-function
FUN_4d56_2aac,4d56:2aac,OVL13_L0000,2aac,,before-first-function
FUN_4d56_2af6,4d56:2af6,OVL13_L0000,2af6,,before-first-function
FUN_4d56_2b92,4d56:2b92,OVL13_L0000,2b92,,before-first-function
FUN_4d56_2bbc,4d56:2bbc,OVL13_L0000,2bbc,,before-first-function
FUN_4d56_2e92,4d56:2e92,OVL13_L0000,2e92,,before-first-function
FUN_4d56_2f96,4d56:2f96,OVL13_L0000,2f96,,before-first-function
FUN_4d56_306c,4d56:306c,OVL13_L0000,306c,,before-first-function
FUN_4d56_311e,4d56:311e,OVL13_L0000,311e,,before-first-function
FUN_4d56_3582,4d56:3582,OVL13_L0000,3582,,before-first-function
FUN_4d56_359c,4d56:359c,OVL13_L0000,359c,,before-first-function
FUN_4d56_417e,4d56:417e,OVL13_L0000,417e,,before-first-function
FUN_4d56_4528,4d56:4528,OVL13_L0000,4528,,before-first-function
thunk_FUN_2a1f_044c,4d56:4c68,OVL13_L0000,4c68,thunk_FUN_1000_a63c,exact
FUN_521d_0000,521d:0000,OVL14_L0000,0,,before-first-function
FUN_521d_001c,521d:001c,OVL14_L0000,1c,,before-first-function
FUN_521d_0072,521d:0072,OVL14_L0000,72,,before-first-function
FUN_521d_00a8,521d:00a8,OVL14_L0000,a8,,before-first-function
FUN_521d_00de,521d:00de,OVL14_L0000,de,,before-first-function
FUN_521d_0116,521d:0116,OVL14_L0000,116,,before-first-function
FUN_521d_016a,521d:016a,OVL14_L0000,16a,,before-first-function
FUN_521d_0214,521d:0214,OVL14_L0000,214,,before-first-function
FUN_521d_02be,521d:02be,OVL14_L0000,2be,,before-first-function
FUN_521d_031c,521d:031c,OVL14_L0000,31c,,before-first-function
FUN_521d_0342,521d:0342,OVL14_L0000,342,,before-first-function
FUN_521d_03a6,521d:03a6,OVL14_L0000,3a6,,before-first-function
FUN_521d_03d0,521d:03d0,OVL14_L0000,3d0,,before-first-function
FUN_521d_0492,521d:0492,OVL14_L0000,492,,before-first-function
FUN_521d_052c,521d:052c,OVL14_L0000,52c,,before-first-function
FUN_521d_0600,521d:0600,OVL14_L0000,600,,before-first-function
FUN_521d_0656,521d:0656,OVL14_L0000,656,,before-first-function
FUN_521d_06ae,521d:06ae,OVL14_L0000,6ae,,before-first-function
FUN_521d_0896,521d:0896,OVL14_L0000,896,,before-first-function
FUN_521d_0906,521d:0906,OVL14_L0000,906,,before-first-function
FUN_521d_0a60,521d:0a60,OVL14_L0000,a60,,before-first-function
FUN_521d_20c6,521d:20c6,OVL14_L0000,20c6,FUN_OVL14_L0000__0020c6,exact
FUN_521d_20e6,521d:20e6,OVL14_L0000,20e6,,gap
FUN_521d_5b66,521d:5b66,OVL14_L0000,5b66,,gap
FUN_521d_5c38,521d:5c38,OVL14_L0000,5c38,,gap
FUN_521d_5c3c,521d:5c3c,OVL14_L0000,5c3c,,gap
FUN_521d_5cf6,521d:5cf6,OVL14_L0000,5cf6,,gap
FUN_521d_5d04,521d:5d04,OVL14_L0000,5d04,,gap
FUN_521d_6d8e,521d:6d8e,OVL14_L0000,6d8e,,gap
thunk_FUN_2a1f_0464,521d:72cc,OVL14_L0000,72cc,thunk_FUN_1000_a654,exact
thunk_FUN_2a1f_0470,521d:72d1,OVL14_L0000,72d1,FUN_OVL14_L0000__0072d1,exact
thunk_FUN_2a1f_047c,521d:72d6,OVL14_L0000,72d6,FUN_OVL14_L0000__0072d6,exact
thunk_FUN_2a1f_0488,521d:72db,OVL14_L0000,72db,FUN_OVL14_L0000__0072db,exact
thunk_FUN_2a1f_0494,521d:72e0,OVL14_L0000,72e0,FUN_OVL14_L0000__0072e0,exact
thunk_FUN_2a1f_04a0,521d:72e5,OVL14_L0000,72e5,FUN_OVL14_L0000__0072e5,exact
thunk_FUN_2a1f_04ac,521d:72ea,OVL14_L0000,72ea,FUN_OVL14_L0000__0072ea,exact
thunk_FUN_2a1f_04b8,521d:72ef,OVL14_L0000,72ef,FUN_OVL14_L0000__0072ef,exact
thunk_FUN_2a1f_04c4,521d:72f4,OVL14_L0000,72f4,FUN_OVL14_L0000__0072f4,exact
thunk_FUN_2a1f_04d0,521d:72f9,OVL14_L0000,72f9,FUN_OVL14_L0000__0072f9,exact
thunk_FUN_2a1f_04dc,521d:72fe,OVL14_L0000,72fe,FUN_OVL14_L0000__0072fe,exact
thunk_FUN_2a1f_04e8,521d:7303,OVL14_L0000,7303,FUN_OVL14_L0000__007303,exact
thunk_FUN_2a1f_04f4,521d:7308,OVL14_L0000,7308,FUN_OVL14_L0000__007308,exact
thunk_FUN_2a1f_0500,521d:730d,OVL14_L0000,730d,FUN_OVL14_L0000__00730d,exact
thunk_FUN_2a1f_050c,521d:7312,OVL14_L0000,7312,FUN_OVL14_L0000__007312,exact
thunk_FUN_2a1f_0518,521d:7317,OVL14_L0000,7317,FUN_OVL14_L0000__007317,exact
thunk_FUN_2a1f_0524,521d:731c,OVL14_L0000,731c,FUN_OVL14_L0000__00731c,exact
thunk_FUN_2a1f_0530,521d:7321,OVL14_L0000,7321,FUN_OVL14_L0000__007321,exact
thunk_FUN_2a1f_053c,521d:7326,OVL14_L0000,7326,FUN_OVL14_L0000__007326,exact
thunk_FUN_2a1f_0548,521d:732b,OVL14_L0000,732b,FUN_OVL14_L0000__00732b,exact
thunk_FUN_2a1f_0554,521d:7330,OVL14_L0000,7330,FUN_OVL14_L0000__007330,exact
thunk_FUN_2a1f_0560,521d:7335,OVL14_L0000,7335,FUN_OVL14_L0000__007335,exact
thunk_FUN_2a1f_056c,521d:733a,OVL14_L0000,733a,FUN_OVL14_L0000__00733a,exact
thunk_FUN_2a1f_0578,521d:733f,OVL14_L0000,733f,FUN_OVL14_L0000__00733f,exact
thunk_FUN_2a1f_0584,521d:7344,OVL14_L0000,7344,FUN_OVL14_L0000__007344,exact
thunk_FUN_2a1f_0590,521d:7349,OVL14_L0000,7349,FUN_OVL14_L0000__007349,exact
FUN_5952_0000,5952:0000,OVL15_L0000,0,,before-first-function
FUN_5952_0214,5952:0214,OVL15_L0000,214,,before-first-function
FUN_5952_0280,5952:0280,OVL15_L0000,280,,before-first-function
FUN_5952_02f4,5952:02f4,OVL15_L0000,2f4,,before-first-function
FUN_5952_0306,5952:0306,OVL15_L0000,306,,before-first-function
FUN_5952_035e,5952:035e,OVL15_L0000,35e,,before-first-function
thunk_FUN_2a1f_05b4,5952:2a6e,OVL15_L0000,2a6e,FUN_OVL15_L0000__002a6e,exact
thunk_FUN_2a1f_05c0,5952:2a73,OVL15_L0000,2a73,FUN_OVL15_L0000__002a73,exact
thunk_FUN_2a1f_05cc,5952:2a78,OVL15_L0000,2a78,FUN_OVL15_L0000__002a78,exact
thunk_FUN_2a1f_05d8,5952:2a7d,OVL15_L0000,2a7d,FUN_OVL15_L0000__002a7d,exact
thunk_FUN_2a1f_05e4,5952:2a82,OVL15_L0000,2a82,FUN_OVL15_L0000__002a82,exact
FUN_5bfb_0000,5bfb:0000,OVL16_L0040,400,,before-first-function
FUN_5bfb_00f8,5bfb:00f8,OVL16_L0040,4f8,,before-first-function
FUN_5bfb_0182,5bfb:0182,OVL16_L0040,582,,before-first-function
FUN_5bfb_022e,5bfb:022e,OVL16_L0040,62e,,before-first-function
FUN_5bfb_102a,5bfb:102a,OVL16_L0040,142a,,before-first-function
FUN_5bfb_1092,5bfb:1092,OVL16_L0040,1492,,before-first-function
FUN_5bfb_10ec,5bfb:10ec,OVL16_L0040,14ec,,before-first-function
FUN_5bfb_12d0,5bfb:12d0,OVL16_L0040,16d0,,before-first-function
FUN_5bfb_13b0,5bfb:13b0,OVL16_L0040,17b0,,before-first-function
FUN_5bfb_153e,5bfb:153e,OVL16_L0040,193e,,before-first-function
FUN_5bfb_312e,5bfb:312e,OVL16_L0040,352e,,before-first-function
FUN_5bfb_3180,5bfb:3180,OVL16_L0040,3580,,before-first-function
thunk_FUN_281f_0550,5bfb:37c6,OVL16_L0040,3bc6,thunk_FUN_1000_8740,exact
thunk_FUN_2a1f_05fc,5bfb:37cb,OVL16_L0040,3bcb,thunk_FUN_1000_a7ec,exact
thunk_FUN_2a1f_060a,5bfb:37d0,OVL16_L0040,3bd0,FUN_OVL16_L0040__003bd0,exact
thunk_FUN_2a1f_0618,5bfb:37d5,OVL16_L0040,3bd5,FUN_OVL16_L0040__003bd5,exact
thunk_FUN_2a1f_0626,5bfb:37da,OVL16_L0040,3bda,FUN_OVL16_L0040__003bda,exact
thunk_FUN_2a1f_0634,5bfb:37df,OVL16_L0040,3bdf,FUN_OVL16_L0040__003bdf,exact
thunk_FUN_2a1f_0642,5bfb:37e4,OVL16_L0040,3be4,FUN_OVL16_L0040__003be4,exact
thunk_FUN_2a1f_0650,5bfb:37e9,OVL16_L0040,3be9,FUN_OVL16_L0040__003be9,exact
thunk_FUN_2a1f_065e,5bfb:37ee,OVL16_L0040,3bee,FUN_OVL16_L0040__003bee,exact
thunk_FUN_2a1f_066c,5f7a:0003,OVL16_L0040,3bf3,FUN_OVL16_L0040__003bf3,exact
thunk_FUN_2a1f_067a,5f7a:0008,OVL16_L0040,3bf8,FUN_OVL16_L0040__003bf8,exact
FUN_5f7a_000e,5f7a:000e,OVL16_L0040,3bfe,,gap
FUN_5f7a_020e,5f7a:020e,OVL16_L0040,3dfe,,gap
FUN_5f7a_0662,5f7a:0662,OVL16_L0040,4252,,gap
thunk_FUN_2a1f_0694,5f7a:0738,OVL16_L0040,4328,FUN_OVL16_L0040__004328,exact
thunk_FUN_2a1f_06a2,5f7a:073d,OVL16_L0040,432d,thunk_FUN_1000_a892,exact
FUN_5fef_0000,5fef:0000,OVL17_L0000,0,,before-first-function
FUN_5fef_016c,5fef:016c,OVL17_L0000,16c,,before-first-function
FUN_5fef_0352,5fef:0352,OVL17_L0000,352,,before-first-function
FUN_5fef_0ec0,5fef:0ec0,OVL17_L0000,ec0,,before-first-function
FUN_5fef_0f14,5fef:0f14,OVL17_L0000,f14,,before-first-function
FUN_5fef_16ea,5fef:16ea,OVL17_L0000,16ea,,before-first-function
FUN_5fef_172c,5fef:172c,OVL17_L0000,172c,,before-first-function
FUN_5fef_1908,5fef:1908,OVL17_L0000,1908,,before-first-function
FUN_5fef_1b0e,5fef:1b0e,OVL17_L0000,1b0e,,before-first-function
FUN_5fef_31ea,5fef:31ea,OVL17_L0000,31ea,,before-first-function
FUN_5fef_36fe,5fef:36fe,OVL17_L0000,36fe,,before-first-function
thunk_FUN_2a1f_0458,5fef:379a,OVL17_L0000,379a,thunk_FUN_1000_a648,exact
thunk_FUN_2a1f_06b0,5fef:379f,OVL17_L0000,379f,thunk_FUN_1000_a8a0,exact
thunk_FUN_2a1f_06bc,5fef:37a4,OVL17_L0000,37a4,thunk_FUN_1000_a8ac,exact
thunk_FUN_2a1f_06c8,5fef:37a9,OVL17_L0000,37a9,thunk_FUN_1000_a8b8,exact
thunk_FUN_2a1f_06d4,5fef:37ae,OVL17_L0000,37ae,thunk_FUN_1000_a8c4,exact
thunk_FUN_2a1f_06e0,5fef:37b3,OVL17_L0000,37b3,thunk_FUN_1000_a8d0,exact
thunk_FUN_2a1f_06ec,5fef:37b8,OVL17_L0000,37b8,thunk_FUN_1000_a8dc,exact
caseD_14,5fef:37bd,OVL17_L0000,37bd,thunk_FUN_1000_a8e8,exact
FUN_636c_0000,636c:0000,OVL18_L0000,0,,no-such-space
FUN_647e_0000,647e:0000,OVL19_L0040,400,,before-first-function
FUN_647e_001a,647e:001a,OVL19_L0040,41a,,before-first-function
FUN_647e_0040,647e:0040,OVL19_L0040,440,,before-first-function
FUN_647e_0094,647e:0094,OVL19_L0040,494,,before-first-function
FUN_647e_01c6,647e:01c6,OVL19_L0040,5c6,,before-first-function
FUN_647e_04f0,647e:04f0,OVL19_L0040,8f0,,before-first-function
FUN_647e_0522,647e:0522,OVL19_L0040,922,,before-first-function
FUN_647e_0548,647e:0548,OVL19_L0040,948,,before-first-function
FUN_647e_057a,647e:057a,OVL19_L0040,97a,,before-first-function
FUN_647e_05aa,647e:05aa,OVL19_L0040,9aa,,before-first-function
FUN_647e_05ec,647e:05ec,OVL19_L0040,9ec,,before-first-function
FUN_647e_060e,647e:060e,OVL19_L0040,a0e,,before-first-function
FUN_647e_06c2,647e:06c2,OVL19_L0040,ac2,,before-first-function
FUN_647e_0796,647e:0796,OVL19_L0040,b96,,before-first-function
FUN_647e_090a,647e:090a,OVL19_L0040,d0a,,before-first-function
FUN_647e_09da,647e:09da,OVL19_L0040,dda,,before-first-function
FUN_647e_0dd4,647e:0dd4,OVL19_L0040,11d4,,before-first-function
FUN_647e_0e80,647e:0e80,OVL19_L0040,1280,,before-first-function
FUN_647e_0f2c,647e:0f2c,OVL19_L0040,132c,,before-first-function
FUN_647e_1064,647e:1064,OVL19_L0040,1464,,before-first-function
FUN_647e_10d2,647e:10d2,OVL19_L0040,14d2,,before-first-function
FUN_647e_115c,647e:115c,OVL19_L0040,155c,,before-first-function
FUN_647e_1486,647e:1486,OVL19_L0040,1886,,before-first-function
thunk_FUN_291f_02ce,647e:1590,OVL19_L0040,1990,thunk_FUN_1000_94be,exact
thunk_FUN_291f_02dc,647e:1595,OVL19_L0040,1995,thunk_FUN_1000_94cc,exact
thunk_FUN_291f_02f8,647e:159a,OVL19_L0040,199a,thunk_FUN_1000_94e8,exact
thunk_FUN_291f_0a3c,647e:15a4,OVL19_L0040,19a4,thunk_FUN_1000_9c2c,exact
thunk_FUN_291f_0a4a,647e:15a9,OVL19_L0040,19a9,thunk_FUN_1000_9c3a,exact
thunk_FUN_2a1f_021c,647e:15ae,OVL19_L0040,19ae,thunk_FUN_1000_a40c,exact
thunk_FUN_2a1f_022a,647e:15b3,OVL19_L0040,19b3,thunk_FUN_1000_a41a,exact
thunk_FUN_2a1f_071c,647e:15b8,OVL19_L0040,19b8,FUN_OVL19_L0040__0019b8,exact
thunk_FUN_2a1f_072a,647e:15bd,OVL19_L0040,19bd,FUN_OVL19_L0040__0019bd,exact
thunk_FUN_2a1f_0738,647e:15c2,OVL19_L0040,19c2,thunk_FUN_1000_a928,exact
thunk_FUN_2a1f_0746,647e:15c7,OVL19_L0040,19c7,thunk_FUN_1000_a936,exact
thunk_FUN_2a1f_0754,647e:15cc,OVL19_L0040,19cc,thunk_FUN_1000_a944,exact
thunk_FUN_2a1f_0762,647e:15d1,OVL19_L0040,19d1,thunk_FUN_1000_a952,exact
thunk_FUN_2a1f_0770,647e:15d6,OVL19_L0040,19d6,thunk_FUN_1000_a960,exact
thunk_FUN_2a1f_077e,647e:15db,OVL19_L0040,19db,thunk_FUN_1000_a96e,exact
thunk_FUN_2a1f_078c,647e:15e0,OVL19_L0040,19e0,thunk_FUN_1000_a97c,exact
thunk_FUN_2a1f_079a,647e:15e5,OVL19_L0040,19e5,thunk_FUN_1000_a98a,exact
thunk_FUN_2a1f_07a8,647e:15ea,OVL19_L0040,19ea,thunk_FUN_1000_a998,exact
thunk_FUN_2a1f_07b6,647e:15ef,OVL19_L0040,19ef,thunk_FUN_1000_a9a6,exact
FUN_65dd_0004,65dd:0004,OVL19_L0040,19f4,,gap
FUN_6662_0000,6662:0000,OVL20_L0000,0,FUN_OVL20_L0000__000000,exact
FUN_6662_0086,6662:0086,OVL20_L0000,86,,gap
FUN_6662_00f2,6662:00f2,OVL20_L0000,f2,,gap
FUN_6662_0906,6662:0906,OVL20_L0000,906,,gap
FUN_6662_09ae,6662:09ae,OVL20_L0000,9ae,FUN_OVL20_L0000__0009ae,exact
FUN_6662_0b4e,6662:0b4e,OVL20_L0000,b4e,,gap
FUN_6662_0f74,6662:0f74,OVL20_L0000,f74,,gap
thunk_FUN_2a1f_027e,6662:15b2,OVL20_L0000,15b2,FUN_OVL20_L0000__0015b2,exact
thunk_FUN_2a1f_059c,6662:15b7,OVL20_L0000,15b7,FUN_OVL20_L0000__0015b7,exact
thunk_FUN_2a1f_05f0,6662:15bc,OVL20_L0000,15bc,FUN_OVL20_L0000__0015bc,exact
thunk_FUN_2a1f_07d0,6662:15c1,OVL20_L0000,15c1,FUN_OVL20_L0000__0015c1,exact
FUN_67bf_0000,67bf:0000,OVL21_L0040,400,,before-first-function
FUN_67f4_0008,67f4:0008,OVL21_L0040,758,FUN_OVL21_L0040__000758,exact
FUN_67f4_0088,67f4:0088,OVL21_L0040,7d8,,gap
FUN_682a_000c,682a:000c,OVL21_L0040,abc,,gap
FUN_684c_0004,684c:0004,OVL21_L0040,cd4,FUN_OVL21_L0040__000cd4,exact
FUN_684c_009c,684c:009c,OVL21_L0040,d6c,,gap
FUN_684c_0116,684c:0116,OVL21_L0040,de6,,gap
FUN_684c_021c,684c:021c,OVL21_L0040,eec,,gap
FUN_684c_02a8,684c:02a8,OVL21_L0040,f78,,gap
FUN_684c_03e4,684c:03e4,OVL21_L0040,10b4,,gap
FUN_684c_04a6,684c:04a6,OVL21_L0040,1176,,gap
FUN_684c_08c0,684c:08c0,OVL21_L0040,1590,,gap
thunk_FUN_2a1f_0806,684c:1bb8,OVL21_L0040,2888,FUN_OVL21_L0040__002888,exact
thunk_FUN_2a1f_0814,684c:1bbd,OVL21_L0040,288d,thunk_FUN_1000_aa04,exact
thunk_FUN_2a1f_0822,684c:1bc2,OVL21_L0040,2892,thunk_FUN_1000_aa12,exact
thunk_FUN_2a1f_0830,684c:1bc7,OVL21_L0040,2897,thunk_FUN_1000_aa20,exact
thunk_FUN_2a1f_084c,684c:1bcc,OVL21_L0040,289c,thunk_FUN_1000_aa3c,exact
thunk_FUN_2a1f_085a,6a09:0001,OVL21_L0040,28a1,thunk_FUN_1000_aa4a,exact
FUN_6a09_0006,6a09:0006,OVL21_L0040,28a6,,gap
FUN_6a9f_0000,6a9f:0000,OVL22_L0040,400,,before-first-function
FUN_6a9f_0034,6a9f:0034,OVL22_L0040,434,,before-first-function
FUN_6a9f_0068,6a9f:0068,OVL22_L0040,468,,before-first-function
FUN_6a9f_00d8,6a9f:00d8,OVL22_L0040,4d8,,before-first-function
FUN_6a9f_0118,6a9f:0118,OVL22_L0040,518,,before-first-function
FUN_6a9f_0346,6a9f:0346,OVL22_L0040,746,,before-first-function
FUN_6a9f_0360,6a9f:0360,OVL22_L0040,760,,before-first-function
FUN_6a9f_0486,6a9f:0486,OVL22_L0040,886,,before-first-function
thunk_FUN_281f_059a,6a9f:05a2,OVL22_L0040,9a2,thunk_FUN_1000_878a,exact
thunk_FUN_2a1f_0896,6a9f:05a7,OVL22_L0040,9a7,FUN_OVL22_L0040__0009a7,exact
thunk_FUN_2a1f_08b2,6a9f:05ac,OVL22_L0040,9ac,FUN_OVL22_L0040__0009ac,exact
thunk_FUN_2a1f_08c0,6afa:0001,OVL22_L0040,9b1,FUN_OVL22_L0040__0009b1,exact
thunk_FUN_2a1f_08ce,6afa:0006,OVL22_L0040,9b6,FUN_OVL22_L0040__0009b6,exact
FUN_6afa_000c,6afa:000c,OVL22_L0040,9bc,,gap
FUN_6afa_0052,6afa:0052,OVL22_L0040,a02,,gap
FUN_6afa_00c8,6afa:00c8,OVL22_L0040,a78,,gap
FUN_6afa_0132,6afa:0132,OVL22_L0040,ae2,,gap
FUN_6afa_0168,6afa:0168,OVL22_L0040,b18,,gap
FUN_6afa_0224,6afa:0224,OVL22_L0040,bd4,,gap
FUN_6afa_023c,6afa:023c,OVL22_L0040,bec,,gap
FUN_6b22_0002,6b22:0002,OVL22_L0040,c32,,gap
FUN_6b22_00ea,6b22:00ea,OVL22_L0040,d1a,,gap
FUN_6b22_0102,6b22:0102,OVL22_L0040,d32,,gap
FUN_6b22_0248,6b22:0248,OVL22_L0040,e78,,gap
FUN_6b22_034c,6b22:034c,OVL22_L0040,f7c,,gap
FUN_6b22_03f6,6b22:03f6,OVL22_L0040,1026,,gap
FUN_6b22_0428,6b22:0428,OVL22_L0040,1058,,gap
FUN_6b22_04bc,6b22:04bc,OVL22_L0040,10ec,,gap
FUN_6b22_058e,6b22:058e,OVL22_L0040,11be,,gap
thunk_FUN_281f_0344,6b22:05a6,OVL22_L0040,11d6,thunk_FUN_1000_8534,exact
thunk_FUN_281f_0e2a,6b22:05ab,OVL22_L0040,11db,thunk_FUN_1000_901a,exact
thunk_FUN_2a1f_0922,6b22:05b0,OVL22_L0040,11e0,thunk_FUN_1000_ab12,exact
thunk_FUN_2a1f_0930,6b22:05b5,OVL22_L0040,11e5,FUN_OVL22_L0040__0011e5,exact
thunk_FUN_2a1f_094c,6b22:05ba,OVL22_L0040,11ea,FUN_OVL22_L0040__0011ea,exact
thunk_FUN_2a1f_095a,6b22:05bf,OVL22_L0040,11ef,FUN_OVL22_L0040__0011ef,exact
FUN_6b7e_0004,6b7e:0004,OVL22_L0040,11f4,,gap
FUN_6b7e_00c0,6b7e:00c0,OVL22_L0040,12b0,,gap
FUN_6b7e_018a,6b7e:018a,OVL22_L0040,137a,,gap
FUN_6b7e_01f6,6b7e:01f6,OVL22_L0040,13e6,,gap
FUN_6b7e_0218,6b7e:0218,OVL22_L0040,1408,,gap
FUN_6ba1_000c,6ba1:000c,OVL22_L0040,142c,,gap
FUN_6ba1_01b4,6ba1:01b4,OVL22_L0040,15d4,FUN_OVL22_L0040__0015d4,exact
FUN_6ba1_0314,6ba1:0314,OVL22_L0040,1734,FUN_OVL22_L0040__001734,exact
FUN_6ba1_0374,6ba1:0374,OVL22_L0040,1794,FUN_OVL22_L0040__001794,exact
FUN_6ba1_03e4,6ba1:03e4,OVL22_L0040,1804,FUN_OVL22_L0040__001804,exact
FUN_6ba1_041e,6ba1:041e,OVL22_L0040,183e,FUN_OVL22_L0040__00183e,exact
FUN_6ba1_0484,6ba1:0484,OVL22_L0040,18a4,,gap
FUN_6ba1_04e4,6ba1:04e4,OVL22_L0040,1904,FUN_OVL22_L0040__001904,exact
FUN_6ba1_0558,6ba1:0558,OVL22_L0040,1978,FUN_OVL22_L0040__001978,exact
FUN_6ba1_05b8,6ba1:05b8,OVL22_L0040,19d8,FUN_OVL22_L0040__0019d8,exact
FUN_6ba1_061c,6ba1:061c,OVL22_L0040,1a3c,,gap
FUN_6ba1_067c,6ba1:067c,OVL22_L0040,1a9c,FUN_OVL22_L0040__001a9c,exact
FUN_6ba1_06e0,6ba1:06e0,OVL22_L0040,1b00,FUN_OVL22_L0040__001b00,exact
FUN_6ba1_0938,6ba1:0938,OVL22_L0040,1d58,FUN_OVL22_L0040__001d58,exact
FUN_6ba1_0d6c,6ba1:0d6c,OVL22_L0040,218c,,gap
FUN_6ba1_1028,6ba1:1028,OVL22_L0040,2448,,gap
FUN_6ba1_10ae,6ba1:10ae,OVL22_L0040,24ce,,gap
FUN_6ba1_10be,6ba1:10be,OVL22_L0040,24de,,gap
thunk_FUN_291f_018e,6ba1:10fa,OVL22_L0040,251a,FUN_OVL22_L0040__00251a,exact
thunk_FUN_291f_02a4,6ba1:10ff,OVL22_L0040,251f,FUN_OVL22_L0040__00251f,exact
thunk_FUN_2a1f_0968,6ba1:1104,OVL22_L0040,2524,FUN_OVL22_L0040__002524,exact
FUN_6cb2_0000,6cb2:0000,OVL23_L0040,400,,before-first-function
FUN_6cb2_0058,6cb2:0058,OVL23_L0040,458,,before-first-function
FUN_6cb2_00c0,6cb2:00c0,OVL23_L0040,4c0,,before-first-function
FUN_6cb2_00fc,6cb2:00fc,OVL23_L0040,4fc,,before-first-function
FUN_6cb2_0178,6cb2:0178,OVL23_L0040,578,,before-first-function
FUN_6cb2_0276,6cb2:0276,OVL23_L0040,676,,before-first-function
FUN_6cb2_02c4,6cb2:02c4,OVL23_L0040,6c4,,before-first-function
FUN_6cb2_033a,6cb2:033a,OVL23_L0040,73a,,before-first-function
FUN_6cb2_039c,6cb2:039c,OVL23_L0040,79c,,before-first-function
FUN_6cb2_03bc,6cb2:03bc,OVL23_L0040,7bc,,before-first-function
FUN_6cb2_0424,6cb2:0424,OVL23_L0040,824,,before-first-function
FUN_6cb2_048c,6cb2:048c,OVL23_L0040,88c,,before-first-function
FUN_6cb2_05ce,6cb2:05ce,OVL23_L0040,9ce,,before-first-function
FUN_6cb2_07e6,6cb2:07e6,OVL23_L0040,be6,,before-first-function
FUN_6cb2_0eac,6cb2:0eac,OVL23_L0040,12ac,,before-first-function
FUN_6cb2_1820,6cb2:1820,OVL23_L0040,1c20,,before-first-function
FUN_6cb2_1ba8,6cb2:1ba8,OVL23_L0040,1fa8,,before-first-function
FUN_6cb2_1f28,6cb2:1f28,OVL23_L0040,2328,,before-first-function
FUN_6cb2_214a,6cb2:214a,OVL23_L0040,254a,,before-first-function
FUN_6cb2_2322,6cb2:2322,OVL23_L0040,2722,,before-first-function
FUN_6cb2_24b8,6cb2:24b8,OVL23_L0040,28b8,,before-first-function
thunk_FUN_2a1f_0998,6cb2:279e,OVL23_L0040,2b9e,thunk_FUN_1000_ab88,exact
thunk_FUN_2a1f_09c2,6cb2:27ad,OVL23_L0040,2bad,FUN_OVL23_L0040__002bad,exact
thunk_FUN_2a1f_09d0,6cb2:27b2,OVL23_L0040,2bb2,FUN_OVL23_L0040__002bb2,exact
thunk_FUN_2a1f_09de,6cb2:27b7,OVL23_L0040,2bb7,FUN_OVL23_L0040__002bb7,exact
thunk_FUN_2a1f_09ec,6cb2:27bc,OVL23_L0040,2bbc,FUN_OVL23_L0040__002bbc,exact
thunk_FUN_2a1f_09fa,6cb2:27c1,OVL23_L0040,2bc1,FUN_OVL23_L0040__002bc1,exact
thunk_FUN_2a1f_0a08,6cb2:27c6,OVL23_L0040,2bc6,FUN_OVL23_L0040__002bc6,exact
thunk_FUN_2a1f_0a16,6cb2:27cb,OVL23_L0040,2bcb,FUN_OVL23_L0040__002bcb,exact
thunk_FUN_2a1f_0a24,6cb2:27d0,OVL23_L0040,2bd0,FUN_OVL23_L0040__002bd0,exact
thunk_FUN_2a1f_0a32,6cb2:27d5,OVL23_L0040,2bd5,FUN_OVL23_L0040__002bd5,exact
thunk_FUN_2a1f_0a40,6cb2:27da,OVL23_L0040,2bda,FUN_OVL23_L0040__002bda,exact
thunk_FUN_2a1f_0a4e,6cb2:27df,OVL23_L0040,2bdf,FUN_OVL23_L0040__002bdf,exact
FUN_6f30_0004,6f30:0004,OVL23_L0040,2be4,,gap
FUN_6f30_002e,6f30:002e,OVL23_L0040,2c0e,FUN_OVL23_L0040__002c0e,exact
FUN_6f30_0062,6f30:0062,OVL23_L0040,2c42,,gap
thunk_FUN_2a1f_0a5c,6f30:042c,OVL23_L0040,300c,FUN_OVL23_L0040__00300c,exact
FUN_6f74_0000,6f74:0000,OVL24_L0000,0,FUN_OVL24_L0000__000000,exact
FUN_6f74_0042,6f74:0042,OVL24_L0000,42,FUN_OVL24_L0000__000042,exact
FUN_6f74_00c2,6f74:00c2,OVL24_L0000,c2,FUN_OVL24_L0000__0000c2,exact
FUN_6f74_00ec,6f74:00ec,OVL24_L0000,ec,FUN_OVL24_L0000__0000ec,exact
FUN_6f74_033c,6f74:033c,OVL24_L0000,33c,FUN_OVL24_L0000__00033c,exact
FUN_6f74_03d0,6f74:03d0,OVL24_L0000,3d0,,gap
FUN_6f74_03ec,6f74:03ec,OVL24_L0000,3ec,,gap
FUN_6f74_0404,6f74:0404,OVL24_L0000,404,,gap
FUN_6f74_042c,6f74:042c,OVL24_L0000,42c,,gap
FUN_6f74_0446,6f74:0446,OVL24_L0000,446,,gap
FUN_6f74_04f6,6f74:04f6,OVL24_L0000,4f6,FUN_OVL24_L0000__0004f6,exact
FUN_6f74_0538,6f74:0538,OVL24_L0000,538,FUN_OVL24_L0000__000538,exact
FUN_6f74_0642,6f74:0642,OVL24_L0000,642,FUN_OVL24_L0000__000642,exact
FUN_6f74_06d0,6f74:06d0,OVL24_L0000,6d0,,gap
FUN_6f74_089a,6f74:089a,OVL24_L0000,89a,,gap
FUN_6f74_08fa,6f74:08fa,OVL24_L0000,8fa,,gap
FUN_6f74_092a,6f74:092a,OVL24_L0000,92a,,gap
FUN_6f74_095a,6f74:095a,OVL24_L0000,95a,,gap
FUN_6f74_098a,6f74:098a,OVL24_L0000,98a,,gap
FUN_6f74_09ba,6f74:09ba,OVL24_L0000,9ba,,gap
FUN_6f74_09e2,6f74:09e2,OVL24_L0000,9e2,,gap
FUN_6f74_0a00,6f74:0a00,OVL24_L0000,a00,,gap
FUN_6f74_0be8,6f74:0be8,OVL24_L0000,be8,,gap
FUN_6f74_0c22,6f74:0c22,OVL24_L0000,c22,,gap
FUN_6f74_0c32,6f74:0c32,OVL24_L0000,c32,,gap
FUN_6f74_0d44,6f74:0d44,OVL24_L0000,d44,,gap
FUN_6f74_0f16,6f74:0f16,OVL24_L0000,f16,FUN_OVL24_L0000__000f16,exact
FUN_6f74_0f3c,6f74:0f3c,OVL24_L0000,f3c,,gap
FUN_6f74_112a,6f74:112a,OVL24_L0000,112a,,gap
FUN_6f74_116c,6f74:116c,OVL24_L0000,116c,FUN_OVL24_L0000__00116c,exact
FUN_6f74_1198,6f74:1198,OVL24_L0000,1198,FUN_OVL24_L0000__001198,exact
FUN_6f74_14c6,6f74:14c6,OVL24_L0000,14c6,FUN_OVL24_L0000__0014c6,exact
FUN_6f74_1a3c,6f74:1a3c,OVL24_L0000,1a3c,FUN_OVL24_L0000__001a3c,exact
FUN_6f74_1a78,6f74:1a78,OVL24_L0000,1a78,,gap
FUN_6f74_1ae8,6f74:1ae8,OVL24_L0000,1ae8,,gap
FUN_6f74_1b7c,6f74:1b7c,OVL24_L0000,1b7c,FUN_OVL24_L0000__001b7c,exact
FUN_6f74_1e14,6f74:1e14,OVL24_L0000,1e14,FUN_OVL24_L0000__001e14,exact
FUN_6f74_201e,6f74:201e,OVL24_L0000,201e,FUN_OVL24_L0000__00201e,exact
FUN_6f74_2278,6f74:2278,OVL24_L0000,2278,,gap
FUN_6f74_248e,6f74:248e,OVL24_L0000,248e,,gap
FUN_6f74_255e,6f74:255e,OVL24_L0000,255e,,gap
FUN_6f74_2580,6f74:2580,OVL24_L0000,2580,,gap
FUN_6f74_3084,6f74:3084,OVL24_L0000,3084,,gap
FUN_6f74_309c,6f74:309c,OVL24_L0000,309c,,gap
FUN_6f74_32a4,6f74:32a4,OVL24_L0000,32a4,,gap
FUN_6f74_36ca,6f74:36ca,OVL24_L0000,36ca,,gap
FUN_6f74_36fc,6f74:36fc,OVL24_L0000,36fc,,gap
FUN_6f74_3704,6f74:3704,OVL24_L0000,3704,,gap
FUN_6f74_372e,6f74:372e,OVL24_L0000,372e,,gap
FUN_6f74_3744,6f74:3744,OVL24_L0000,3744,,gap
FUN_6f74_3760,6f74:3760,OVL24_L0000,3760,,gap
FUN_6f74_378a,6f74:378a,OVL24_L0000,378a,,gap
FUN_6f74_37a2,6f74:37a2,OVL24_L0000,37a2,,gap
FUN_6f74_37cc,6f74:37cc,OVL24_L0000,37cc,,gap
FUN_6f74_37f6,6f74:37f6,OVL24_L0000,37f6,,gap
FUN_6f74_37fc,6f74:37fc,OVL24_L0000,37fc,,gap
FUN_6f74_3848,6f74:3848,OVL24_L0000,3848,,gap
FUN_6f74_388a,6f74:388a,OVL24_L0000,388a,,gap
thunk_FUN_281f_0998,6f74:399f,OVL24_L0000,399f,thunk_FUN_1000_8b88,exact
thunk_FUN_291f_0120,6f74:39a4,OVL24_L0000,39a4,thunk_FUN_1000_9310,exact
thunk_FUN_291f_016a,6f74:39a9,OVL24_L0000,39a9,thunk_FUN_1000_935a,exact
thunk_FUN_291f_0176,6f74:39ae,OVL24_L0000,39ae,FUN_OVL24_L0000__0039ae,exact
thunk_FUN_291f_0182,6f74:39b3,OVL24_L0000,39b3,FUN_OVL24_L0000__0039b3,exact
thunk_FUN_291f_023c,6f74:39b8,OVL24_L0000,39b8,FUN_OVL24_L0000__0039b8,exact
thunk_FUN_291f_08c6,6f74:39bd,OVL24_L0000,39bd,FUN_OVL24_L0000__0039bd,exact
thunk_FUN_291f_08d2,6f74:39c2,OVL24_L0000,39c2,FUN_OVL24_L0000__0039c2,exact
thunk_FUN_291f_0910,6f74:39c7,OVL24_L0000,39c7,FUN_OVL24_L0000__0039c7,exact
thunk_FUN_2a1f_0710,6f74:39cc,OVL24_L0000,39cc,thunk_FUN_1000_a900,exact
thunk_FUN_2a1f_0a9e,6f74:39d1,OVL24_L0000,39d1,thunk_FUN_1000_ac8e,exact
thunk_FUN_2a1f_0aaa,6f74:39d6,OVL24_L0000,39d6,FUN_OVL24_L0000__0039d6,exact
thunk_FUN_2a1f_0ab6,6f74:39db,OVL24_L0000,39db,FUN_OVL24_L0000__0039db,exact
thunk_FUN_2a1f_0ac2,6f74:39e0,OVL24_L0000,39e0,FUN_OVL24_L0000__0039e0,exact
thunk_FUN_2a1f_0ace,6f74:39e5,OVL24_L0000,39e5,FUN_OVL24_L0000__0039e5,exact
thunk_FUN_2a1f_0ada,6f74:39ea,OVL24_L0000,39ea,FUN_OVL24_L0000__0039ea,exact
thunk_FUN_2a1f_0af2,6f74:39f4,OVL24_L0000,39f4,FUN_OVL24_L0000__0039f4,exact
thunk_FUN_2a1f_0b0a,6f74:39f9,OVL24_L0000,39f9,FUN_OVL24_L0000__0039f9,exact
FUN_7314_0000,7314:0000,OVL25_L0000,0,,before-first-function
FUN_7314_001a,7314:001a,OVL25_L0000,1a,,before-first-function
FUN_7314_0106,7314:0106,OVL25_L0000,106,,before-first-function
FUN_7314_015e,7314:015e,OVL25_L0000,15e,,before-first-function
FUN_7314_0198,7314:0198,OVL25_L0000,198,,before-first-function
FUN_7314_01b6,7314:01b6,OVL25_L0000,1b6,,before-first-function
FUN_7314_01c8,7314:01c8,OVL25_L0000,1c8,,before-first-function
FUN_7314_01da,7314:01da,OVL25_L0000,1da,,before-first-function
FUN_7314_0208,7314:0208,OVL25_L0000,208,,before-first-function
thunk_FUN_291f_091c,7314:023e,OVL25_L0000,23e,FUN_OVL25_L0000__00023e,exact
thunk_FUN_291f_0928,7314:0243,OVL25_L0000,243,FUN_OVL25_L0000__000243,exact
thunk_FUN_291f_0fb8,7314:0248,OVL25_L0000,248,FUN_OVL25_L0000__000248,exact
thunk_FUN_291f_0fc4,7314:024d,OVL25_L0000,24d,thunk_FUN_1000_a1b4,exact
FUN_733a_0000,733a:0000,OVL26_L0040,400,,before-first-function
FUN_733a_002c,733a:002c,OVL26_L0040,42c,,before-first-function
FUN_733a_01a4,733a:01a4,OVL26_L0040,5a4,,before-first-function
FUN_733a_0270,733a:0270,OVL26_L0040,670,,before-first-function
FUN_733a_04d0,733a:04d0,OVL26_L0040,8d0,,before-first-function
FUN_733a_0512,733a:0512,OVL26_L0040,912,,before-first-function
FUN_733a_06a4,733a:06a4,OVL26_L0040,aa4,,before-first-function
FUN_733a_0790,733a:0790,OVL26_L0040,b90,,before-first-function
FUN_733a_0992,733a:0992,OVL26_L0040,d92,,before-first-function
FUN_733a_09c6,733a:09c6,OVL26_L0040,dc6,,before-first-function
FUN_733a_0b3e,733a:0b3e,OVL26_L0040,f3e,,before-first-function
FUN_733a_0c2a,733a:0c2a,OVL26_L0040,102a,,before-first-function
thunk_FUN_2a1f_0b58,733a:0e4c,OVL26_L0040,124c,thunk_FUN_1000_ad48,exact
thunk_FUN_2a1f_0b82,733a:0e51,OVL26_L0040,1251,thunk_FUN_1000_ad72,exact
thunk_FUN_2a1f_0b90,733a:0e56,OVL26_L0040,1256,thunk_FUN_1000_ad80,exact
thunk_FUN_2a1f_0b9e,733a:0e5b,OVL26_L0040,125b,thunk_FUN_1000_ad8e,exact
thunk_FUN_2a1f_0bac,733a:0e60,OVL26_L0040,1260,thunk_FUN_1000_ad9c,exact
thunk_FUN_2a1f_0bba,733a:0e65,OVL26_L0040,1265,thunk_FUN_1000_adaa,exact
thunk_FUN_2a1f_0bc8,733a:0e6a,OVL26_L0040,126a,thunk_FUN_1000_adb8,exact
thunk_FUN_2a1f_0bd6,733a:0e6f,OVL26_L0040,126f,thunk_FUN_1000_adc6,exact
thunk_FUN_2a1f_0bf2,733a:0e74,OVL26_L0040,1274,thunk_FUN_1000_ade2,exact
FUN_7421_0054,7421:0054,OVL26_L0040,12c4,,gap
FUN_7421_0188,7421:0188,OVL26_L0040,13f8,,gap
FUN_7421_025a,7421:025a,OVL26_L0040,14ca,,gap
thunk_FUN_2a1f_0c00,7421:032c,OVL26_L0040,159c,thunk_FUN_1000_adf0,exact
thunk_FUN_2a1f_0c1c,7421:0336,OVL26_L0040,15a6,thunk_FUN_1000_ae0c,exact
thunk_FUN_2a1f_0c2a,7421:033b,OVL26_L0040,15ab,thunk_FUN_1000_ae1a,exact
FUN_7455_0000,7455:0000,OVL26_L0040,15b0,FUN_OVL26_L0040__0015b0,exact
FUN_7455_0058,7455:0058,OVL26_L0040,1608,,gap
FUN_7455_0122,7455:0122,OVL26_L0040,16d2,,gap
FUN_7455_0166,7455:0166,OVL26_L0040,1716,,gap
FUN_7455_02a6,7455:02a6,OVL26_L0040,1856,,gap
FUN_7455_03b0,7455:03b0,OVL26_L0040,1960,,gap
FUN_7455_0434,7455:0434,OVL26_L0040,19e4,,gap
thunk_FUN_2a1f_0c64,7455:04dc,OVL26_L0040,1a8c,thunk_FUN_1000_ae54,exact
thunk_FUN_2a1f_0c72,7455:04e1,OVL26_L0040,1a91,thunk_FUN_1000_ae62,exact
FUN_74a4_0000,74a4:0000,OVL27_L0040,400,,before-first-function
FUN_74a4_0b0a,74a4:0b0a,OVL27_L0040,f0a,,before-first-function
FUN_74a4_0bbe,74a4:0bbe,OVL27_L0040,fbe,,before-first-function
thunk_FUN_2a1f_0ccc,7562:0002,OVL27_L0040,fe2,thunk_FUN_1000_aebc,exact
FUN_7562_0008,7562:0008,OVL27_L0040,fe8,,gap
FUN_7562_0034,7562:0034,OVL27_L0040,1014,,gap
FUN_7562_0052,7562:0052,OVL27_L0040,1032,,gap
FUN_7562_030a,7562:030a,OVL27_L0040,12ea,,gap
FUN_7562_04e8,7562:04e8,OVL27_L0040,14c8,,gap
thunk_FUN_2a1f_0cda,7562:05f6,OVL27_L0040,15d6,thunk_FUN_1000_aeca,exact
thunk_FUN_2a1f_0ce8,7562:05fb,OVL27_L0040,15db,FUN_OVL27_L0040__0015db,exact
FUN_75c2_0000,75c2:0000,OVL27_L0040,15e0,,gap
FUN_75c2_0204,75c2:0204,OVL27_L0040,17e4,,gap
FUN_75c2_024c,75c2:024c,OVL27_L0040,182c,,gap
FUN_75c2_0288,75c2:0288,OVL27_L0040,1868,,gap
FUN_75c2_0840,75c2:0840,OVL27_L0040,1e20,,gap
FUN_75c2_0940,75c2:0940,OVL27_L0040,1f20,,gap
FUN_75c2_10ae,75c2:10ae,OVL27_L0040,268e,,gap
FUN_75c2_1380,75c2:1380,OVL27_L0040,2960,,gap
FUN_75c2_13dc,75c2:13dc,OVL27_L0040,29bc,,gap
FUN_75c2_1418,75c2:1418,OVL27_L0040,29f8,,gap
FUN_75c2_144c,75c2:144c,OVL27_L0040,2a2c,,gap
FUN_75c2_1770,75c2:1770,OVL27_L0040,2d50,,gap
FUN_75c2_20e2,75c2:20e2,OVL27_L0040,36c2,,gap
FUN_75c2_2324,75c2:2324,OVL27_L0040,3904,,gap
FUN_75c2_235c,75c2:235c,OVL27_L0040,393c,,gap
FUN_75c2_2758,75c2:2758,OVL27_L0040,3d38,,gap
FUN_75c2_276e,75c2:276e,OVL27_L0040,3d4e,,gap
FUN_75c2_2778,75c2:2778,OVL27_L0040,3d58,,gap
FUN_75c2_2d28,75c2:2d28,OVL27_L0040,4308,,gap
FUN_75c2_2d46,75c2:2d46,OVL27_L0040,4326,,gap
thunk_FUN_291f_0aba,75c2:3100,OVL27_L0040,46e0,thunk_FUN_1000_9caa,exact
thunk_FUN_2a1f_0d04,75c2:3105,OVL27_L0040,46e5,FUN_OVL27_L0040__0046e5,exact
thunk_FUN_2a1f_0d12,75c2:310a,OVL27_L0040,46ea,FUN_OVL27_L0040__0046ea,exact
thunk_FUN_2a1f_0d20,75c2:310f,OVL27_L0040,46ef,FUN_OVL27_L0040__0046ef,exact
thunk_FUN_2a1f_0d2e,75c2:3114,OVL27_L0040,46f4,FUN_OVL27_L0040__0046f4,exact
thunk_FUN_2a1f_0d3c,75c2:3119,OVL27_L0040,46f9,FUN_OVL27_L0040__0046f9,exact
thunk_FUN_2a1f_0d4a,75c2:311e,OVL27_L0040,46fe,FUN_OVL27_L0040__0046fe,exact
thunk_FUN_2a1f_0d58,75c2:3123,OVL27_L0040,4703,FUN_OVL27_L0040__004703,exact
thunk_FUN_2a1f_0d66,75c2:3128,OVL27_L0040,4708,FUN_OVL27_L0040__004708,exact
thunk_FUN_2a1f_0d74,75c2:312d,OVL27_L0040,470d,FUN_OVL27_L0040__00470d,exact
thunk_FUN_2a1f_0d82,75c2:3132,OVL27_L0040,4712,FUN_OVL27_L0040__004712,exact
thunk_FUN_2a1f_0d90,75c2:3137,OVL27_L0040,4717,FUN_OVL27_L0040__004717,exact
thunk_FUN_2a1f_0d9e,75c2:313c,OVL27_L0040,471c,FUN_OVL27_L0040__00471c,exact
thunk_FUN_2a1f_0dac,75c2:3141,OVL27_L0040,4721,FUN_OVL27_L0040__004721,exact
thunk_FUN_2a1f_0dba,75c2:3146,OVL27_L0040,4726,FUN_OVL27_L0040__004726,exact
thunk_FUN_2a1f_0dc8,75c2:314b,OVL27_L0040,472b,FUN_OVL27_L0040__00472b,exact
thunk_FUN_2a1f_0dd6,75c2:3150,OVL27_L0040,4730,FUN_OVL27_L0040__004730,exact
FUN_78d8_0000,78d8:0000,OVL28_L0040,400,,before-first-function
FUN_78d8_0022,78d8:0022,OVL28_L0040,422,,before-first-function
FUN_78d8_0054,78d8:0054,OVL28_L0040,454,,before-first-function
FUN_78d8_00c4,78d8:00c4,OVL28_L0040,4c4,,before-first-function
thunk_FUN_291f_0fd0,78d8:0168,OVL28_L0040,568,thunk_FUN_1000_a1c0,exact
thunk_FUN_291f_0fde,78d8:016d,OVL28_L0040,56d,thunk_FUN_1000_a1ce,exact
FUN_78ef_0002,78ef:0002,OVL28_L0040,572,,gap
FUN_7939_000c,7939:000c,OVL28_L0040,a1c,,gap
FUN_7944_000e,7944:000e,OVL28_L0040,ace,,gap
FUN_7952_0000,7952:0000,OVL28_L0040,ba0,,gap
FUN_7962_0000,7962:0000,OVL29_L0040,400,,before-first-function
FUN_7962_020a,7962:020a,OVL29_L0040,60a,,before-first-function
FUN_7962_021c,7962:021c,OVL29_L0040,61c,,before-first-function
FUN_798d_0000,798d:0000,OVL29_L0040,6b0,,before-first-function
FUN_79a8_000a,79a8:000a,OVL29_L0040,86a,,before-first-function
FUN_79a8_0014,79a8:0014,OVL29_L0040,874,,before-first-function
FUN_79a8_002a,79a8:002a,OVL29_L0040,88a,,before-first-function
FUN_79a8_004a,79a8:004a,OVL29_L0040,8aa,,before-first-function
thunk_FUN_2a1f_0ec8,79db:0002,OVL29_L0040,b92,FUN_OVL29_L0040__000b92,exact
thunk_FUN_2a1f_0ed6,79db:0007,OVL29_L0040,b97,FUN_OVL29_L0040__000b97,exact
FUN_79db_000c,79db:000c,OVL29_L0040,b9c,,gap
FUN_79ec_0004,79ec:0004,OVL29_L0040,ca4,,gap
FUN_79ec_0082,79ec:0082,OVL29_L0040,d22,,gap
thunk_FUN_2a1f_0fe8,79ec:017c,OVL29_L0040,e1c,thunk_FUN_1000_b1d8,exact
FUN_7a05_0000,7a05:0000,OVL30_L0000,0,FUN_OVL30_L0000__000000,exact
FUN_7a05_00a4,7a05:00a4,OVL30_L0000,a4,,gap
FUN_7a05_014e,7a05:014e,OVL30_L0000,14e,,gap
FUN_7a05_0180,7a05:0180,OVL30_L0000,180,FUN_OVL30_L0000__000180,exact
FUN_7a05_03ce,7a05:03ce,OVL30_L0000,3ce,,gap
thunk_FUN_281f_03d4,7a05:0466,OVL30_L0000,466,thunk_FUN_1000_85c4,exact
thunk_FUN_2a1f_0f1a,7a05:046b,OVL30_L0000,46b,thunk_FUN_1000_b10a,exact
FUN_7a4c_0000,7a4c:0000,OVL31_L0040,400,,before-first-function
FUN_7a4c_006a,7a4c:006a,OVL31_L0040,46a,,before-first-function
thunk_FUN_2a1f_0f30,7a65:0002,OVL31_L0040,592,thunk_FUN_1000_b120,exact
FUN_7a65_0008,7a65:0008,OVL31_L0040,598,,gap
FUN_7a65_00e2,7a65:00e2,OVL31_L0040,672,,gap
FUN_7a65_0124,7a65:0124,OVL31_L0040,6b4,,gap
FUN_7a7c_000e,7a7c:000e,OVL31_L0040,70e,,gap
FUN_7a83_0002,7a83:0002,OVL31_L0040,772,,gap
FUN_7a83_002a,7a83:002a,OVL31_L0040,79a,,gap
thunk_FUN_2a1f_0f3e,7a83:019e,OVL31_L0040,90e,FUN_OVL31_L0040__00090e,exact
FUN_7a9d_0004,7a9d:0004,OVL31_L0040,914,,gap
FUN_7aa1_0002,7aa1:0002,OVL31_L0040,952,,gap
FUN_7aa1_003a,7aa1:003a,OVL31_L0040,98a,,gap
thunk_FUN_2a1f_0e4e,7ab3:0002,OVL31_L0040,a72,FUN_OVL31_L0040__000a72,exact
FUN_7ab3_0008,7ab3:0008,OVL31_L0040,a78,,gap
FUN_7ab9_0000,7ab9:0000,OVL32_L0040,400,,before-first-function
FUN_7ab9_00be,7ab9:00be,OVL32_L0040,4be,,before-first-function
FUN_7acf_0002,7acf:0002,OVL32_L0040,562,,before-first-function
FUN_7acf_003c,7acf:003c,OVL32_L0040,59c,,before-first-function
FUN_7ad6_000e,7ad6:000e,OVL32_L0040,5de,,before-first-function
FUN_7ada_0006,7ada:0006,OVL32_L0040,616,,before-first-function
FUN_7ada_0022,7ada:0022,OVL32_L0040,632,,before-first-function
FUN_7ada_01a0,7ada:01a0,OVL32_L0040,7b0,,before-first-function
FUN_7ada_01aa,7ada:01aa,OVL32_L0040,7ba,,before-first-function
FUN_7ada_01fa,7ada:01fa,OVL32_L0040,80a,,before-first-function
thunk_FUN_2a1f_0e90,7ada:0298,OVL32_L0040,8a8,thunk_FUN_1000_b080,exact
thunk_FUN_2a1f_0fae,7ada:029d,OVL32_L0040,8ad,FUN_OVL32_L0040__0008ad,exact
FUN_7b04_0002,7b04:0002,OVL32_L0040,8b2,,gap
FUN_7b04_001e,7b04:001e,OVL32_L0040,8ce,,gap
thunk_FUN_2a1f_0fc6,7b08:0008,OVL32_L0040,8f8,FUN_OVL32_L0040__0008f8,exact
FUN_7b08_000e,7b08:000e,OVL32_L0040,8fe,,gap
FUN_7b08_009e,7b08:009e,OVL32_L0040,98e,,gap
FUN_7b08_00dc,7b08:00dc,OVL32_L0040,9cc,,gap
FUN_7b08_0118,7b08:0118,OVL32_L0040,a08,,gap
FUN_7b08_0182,7b08:0182,OVL32_L0040,a72,,gap
caseD_0,7b29:0d9b,OVL33_L1b5a,1c33b,,no-such-space
FUN_7b29_44f2,7b29:44f2,,,,unmapped-region
FUN_7b29_4572,7b29:4572,,,,unmapped-region
FUN_7b29_459c,7b29:459c,,,,unmapped-region
FUN_7b29_45c6,7b29:45c6,,,,unmapped-region
FUN_7b29_47ec,7b29:47ec,,,,unmapped-region
FUN_7b29_4936,7b29:4936,,,,unmapped-region
FUN_7b29_49e8,7b29:49e8,,,,unmapped-region
FUN_7b29_4af2,7b29:4af2,,,,unmapped-region
